/*
SQLyog Community v13.1.7 (64 bit)
MySQL - 10.4.14-MariaDB : Database - avis
*********************************************************************
*/

/*!40101 SET NAMES utf8 */;

/*!40101 SET SQL_MODE=''*/;

/*!40014 SET @OLD_UNIQUE_CHECKS=@@UNIQUE_CHECKS, UNIQUE_CHECKS=0 */;
/*!40014 SET @OLD_FOREIGN_KEY_CHECKS=@@FOREIGN_KEY_CHECKS, FOREIGN_KEY_CHECKS=0 */;
/*!40101 SET @OLD_SQL_MODE=@@SQL_MODE, SQL_MODE='NO_AUTO_VALUE_ON_ZERO' */;
/*!40111 SET @OLD_SQL_NOTES=@@SQL_NOTES, SQL_NOTES=0 */;
CREATE DATABASE /*!32312 IF NOT EXISTS*/`avis` /*!40100 DEFAULT CHARACTER SET utf8mb4 */;

USE `avis`;

/*Table structure for table `cab` */

DROP TABLE IF EXISTS `cab`;

CREATE TABLE `cab` (
  `rfc` int(11) NOT NULL,
  `environment` varchar(255) DEFAULT NULL,
  `story_id` int(11) DEFAULT NULL,
  `task_id` int(11) DEFAULT NULL,
  `type` varchar(255) DEFAULT NULL,
  `effective` double(5,2) DEFAULT NULL,
  `status` varchar(255) DEFAULT NULL,
  `sprint_id` int(20) DEFAULT NULL,
  PRIMARY KEY (`rfc`)
) ENGINE=InnoDB DEFAULT CHARSET=utf8mb4;

/*Data for the table `cab` */

insert  into `cab`(`rfc`,`environment`,`story_id`,`task_id`,`type`,`effective`,`status`,`sprint_id`) values 
(1,'IceScrum',0,28,'',0.50,'Closed',1),
(2,'IceScrum',8,24,'',0.50,'Closed',1),
(3,'IceScrum',12,25,'',0.50,'Closed',1),
(4,'IceScrum',12,26,'',0.50,'Closed',1),
(5,'IceScrum',0,27,'',1.00,'Closed',1),
(6,'IceScrum',0,0,'',3.00,'Closed',1),
(7,'IceScrum',28,33,'',0.50,'Closed',1),
(8,'IceScrum',28,34,'',4.00,'Closed',1),
(9,'IceScrum',28,35,'',0.50,'Closed',1),
(10,'IceScrum',24,29,'',1.00,'Closed',1),
(11,'IceScrum',24,30,'',2.00,'Closed',1),
(12,'IceScrum',24,31,'',2.00,'Closed',1),
(13,'OTRS',0,0,'',0.50,'Closed',1),
(14,'IceScrum',30,57,'',1.00,'Test',4),
(15,'IceScrum',29,36,'',1.00,'Wait',2),
(16,'IceScrum',29,37,'',1.00,'Wait',2),
(17,'IceScrum',29,38,'',5.00,'Wait',2),
(18,'OTRS',0,0,'',1.00,'Closed',2),
(19,'OTRS',0,0,'',2.00,'Closed',2),
(20,'IceScrum',35,46,'',1.00,'Sviluppo',2),
(21,'IceScrum',35,47,'',0.50,'Sviluppo',2),
(22,'IceScrum',35,48,'',0.50,'Sviluppo',2),
(23,'IceScrum',31,0,'',0.00,'Test',0),
(24,'IceScrum',26,77,'',1.00,'Closed',3),
(25,'IceScrum',36,53,'',0.50,'',2),
(26,'IceScrum',37,55,'',0.50,'Closed',3),
(27,'IceScrum',37,56,'',0.50,'Closed',3),
(28,'IceScrum',38,61,'',2.00,'Closed',3),
(29,'IceScrum',38,62,'',2.50,'Closed',3),
(30,'IceScrum',30,58,'',2.50,'Test',4),
(31,'IceScrum',30,59,'',0.50,'Test',4),
(32,'IceScrum',30,60,'',3.00,'Da rilasciare in Test',0),
(33,'IceScrum',39,63,'',0.00,'',0),
(34,'IceScrum',39,64,'',0.00,'',0),
(35,'IceScrum',40,65,'',0.00,'',0),
(36,'IceScrum',41,73,'',8.00,'Test',5),
(37,'IceScrum',30,68,'',1.00,'Test',4),
(38,'IceScrum',35,74,'',0.00,'',0),
(39,'IceScrum',34,145,'Internal CR',1.00,'Test',7),
(40,'IceScrum',34,144,'Internal CR',1.00,'Test',7),
(41,'IceScrum',42,70,'Internal CR',1.00,'Test',7),
(42,'IceScrum',37,66,'',2.00,'Test',4),
(43,'IceScrum',42,71,'Internal CR',2.00,'Test',7),
(44,'IceScrum',38,69,'',1.00,'Closed',3),
(45,'IceScrum',39,75,'',1.00,'',0),
(46,'IceScrum',3,76,'',0.00,'',0),
(47,'IceScrum',26,78,'',4.00,'Closed',3),
(48,'IceScrum',38,85,'',2.00,'Closed',3),
(49,'IceScrum',38,86,'',2.50,'Closed',3),
(50,'IceScrum',42,72,'Internal CR',2.00,'Test',7),
(51,'IceScrum',41,82,'',1.00,'Test',5),
(52,'IceScrum',41,83,'',1.00,'Test',5),
(53,'IceScrum',41,84,'',1.00,'',5),
(54,'IceScrum',45,89,'',1.00,'Test',4),
(55,'IceScrum',41,90,'',5.00,'Test',5),
(56,'IceScrum',44,87,'Internal CR',0.50,'Test',7),
(57,'IceScrum',49,97,'',1.00,'Sviluppo',5),
(58,'IceScrum',49,98,'',1.00,'Sviluppo',5),
(59,'IceScrum',50,0,'',1.00,'Test',6),
(60,'IceScrum',51,98,'',1.00,'Rejected',6),
(61,'IceScrum',51,99,'',1.00,'',6),
(62,'IceScrum',44,88,'Internal CR',0.50,'Test',7),
(63,'IceScrum',52,102,'',3.00,'',0),
(64,'IceScrum',47,108,'Internal CR',0.50,'Sviluppo',11),
(65,'IceScrum',41,92,'',1.00,'Da rilasciare in Test',5),
(66,'IceScrum',41,94,'',1.00,'Sviluppo',5),
(67,'IceScrum',41,95,'',1.00,'Wait',0),
(68,'IceScrum',41,101,'',1.00,'',0),
(69,'IceScrum',53,103,'',1.00,'',0),
(70,'IceScrum',53,104,'',0.50,'',0),
(71,'IceScrum',53,105,'',0.50,'',0),
(72,'',0,0,'',1.00,'Sviluppo',5),
(73,'IceScrum',0,117,'',0.50,'Test',6),
(74,'IceScrum',0,118,'',0.50,'Test',6),
(75,'IceScrum',0,119,'',0.50,'Test',6),
(76,'IceScrum',51,98,'',1.00,'Rejected',6),
(77,'IceScrum',51,99,'',1.00,'Rejected',0),
(78,'IceScrum',50,0,'',0.50,'Test',0),
(79,'IceScrum',32,42,'',2.00,'Test',6),
(80,'IceScrum',32,43,'',1.00,'Test',6),
(81,'IceScrum',32,44,'',1.00,'Test',6),
(82,'IceScrum',32,45,'',1.00,'Test',6),
(83,'IceScrum',33,110,'',0.50,'Test',6),
(84,'IceScrum',33,112,'',0.50,'Test',6),
(85,'IceScrum',33,113,'',0.50,'Test',6),
(86,'IceScrum',61,123,'',1.00,'Test',6),
(87,'IceScrum',61,124,'',1.00,'Test',6),
(88,'IceScrum',61,126,'',1.00,'Test',6),
(89,'IceScrum',56,109,'',1.00,'Test',6),
(90,'IceScrum',62,114,'',0.50,'Test',6),
(91,'IceScrum',47,107,'Internal CR',4.50,'Sviluppo',11),
(92,'IceScrum',48,93,'Internal CR',5.00,'Test',7),
(93,'IceScrum',48,111,'Internal CR',1.00,'Test',7),
(94,'IceScrum',51,100,'',0.50,'Sviluppo',8),
(95,'IceScrum',64,128,'CR',4.00,'Test',7),
(96,'IceScrum',64,0,'CR',0.50,'Test',7),
(97,'IceScrum',70,0,'',2.00,'Sviluppo',0),
(98,'IceScrum',74,138,'',0.50,'Rejected',0),
(99,'IceScrum',74,139,'',0.00,'Test',8),
(100,'IceScrum',74,143,'',0.50,'Sviluppo',8),
(101,'IceScrum',75,140,'',0.50,'Rejected',0),
(102,'IceScrum',75,141,'',0.50,'Test',8),
(103,'IceScrum',75,142,'',0.50,'Sviluppo',8),
(104,'IceScrum',77,146,'Internal CR',1.00,'Test',7),
(105,'IceScrum',77,147,'Internal CR',1.00,'Test',7),
(106,'IceScrum',54,0,'',5.00,'',0),
(107,'IceScrum',58,0,'Internal CR',1.00,'',11),
(108,'IceScrum',76,0,'',0.50,'',0),
(109,'IceScrum',78,148,'',1.00,'',0),
(110,'IceScrum',78,0,'Internal CR',2.00,'',0),
(111,'IceScrum',77,160,'Internal CR',1.00,'Test',7),
(112,'IceScrum',78,0,'CR',0.50,'Test',7),
(113,'IceScrum',16,252,'',1.00,'Sviluppo',0),
(114,'IceScrum',80,150,'',5.00,'',0),
(115,'IceScrum',80,151,'',8.00,'',0),
(116,'IceScrum',80,152,'',1.00,'',0),
(117,'IceScrum',67,236,'Bug',0.50,'Test',9),
(118,'IceScrum',79,162,'CR',0.50,'Test',7),
(119,'IceScrum',81,0,'',8.00,'Sviluppo',8),
(120,'IceScrum',100,405,'Internal CR',1.00,'',12),
(121,'IceScrum',0,157,'Bug',0.50,'Rejected',0),
(122,'IceScrum',0,154,'Bug',0.50,'Test',7),
(123,'IceScrum',0,153,'Bug',0.50,'Test',7),
(124,'IceScrum',0,157,'Task',0.50,'Rejected',0),
(125,'IceScrum',0,158,'Bug',0.50,'Rejected',7),
(126,'IceScrum',0,159,'Bug',0.50,'Test',7),
(127,'IceScrum',0,163,'Bug',0.50,'Test',7),
(128,'IceScrum',0,166,'Bug',0.50,'Test',7),
(129,'IceScrum',0,167,'Bug',0.50,'Test',7),
(130,'IceScrum',0,168,'Bug',1.00,'Test',7),
(131,'IceScrum',77,165,'Bug',0.50,'Test',7),
(132,'IceScrum',77,173,'Bug',0.50,'Test',7),
(133,'-',0,190,'Bug',0.50,'Test',8),
(134,'IceScrum',91,203,'Internal CR',0.50,'Test',8),
(135,'IceScrum',0,264,'Bug',0.50,'Test',10),
(136,'IceScrum',0,201,'Internal CR',0.50,'Test',0),
(137,'IceScrum',91,204,'Internal CR',0.50,'Test',8),
(138,'IceScrum',91,205,'Internal CR',0.50,'Test',8),
(139,'IceScrum',0,206,'Internal CR',0.50,'Test',0),
(140,'IceScrum',0,170,'Internal CR',0.50,'Test',8),
(141,'IceScrum',0,195,'Bug',0.50,'Test',8),
(142,'IceScrum',0,200,'Internal CR',0.50,'Test',8),
(143,'IceScrum',0,264,'Internal CR',0.50,'Rejected',0),
(144,'IceScrum',0,189,'Internal CR',0.50,'Test',8),
(145,'IceScrum',0,216,'Bug',0.50,'Test',8),
(146,'IceScrum',0,217,'Internal CR',0.50,'Test',8),
(147,'IceScrum',0,177,'Internal CR',0.50,'Test',9),
(148,'IceScrum',65,202,'CR',5.50,'Test',8),
(149,'IceScrum',65,210,'CR',3.50,'Test',8),
(150,'IceScrum',65,220,'CR',4.00,'Test',8),
(151,'IceScrum',87,175,'Internal CR',1.00,'Test',8),
(152,'IceScrum',87,176,'Internal CR',1.00,'Test',8),
(153,'IceScrum',16,251,'CR',1.00,'',10),
(154,'IceScrum',16,258,'Internal CR',1.00,'',0),
(155,'IceScrum',16,259,'CR',0.50,'',10),
(156,'IceScrum',16,250,'CR',1.00,'',10),
(157,'IceScrum',16,260,'CR',0.50,'',10),
(158,'IceScrum',67,237,'Bug',0.50,'Test',9),
(159,'IceScrum',95,225,'Internal CR',0.50,'Test',9),
(160,'IceScrum',95,227,'Internal CR',0.50,'Test',9),
(161,'IceScrum',95,228,'Internal CR',0.50,'Test',9),
(162,'IceScrum',95,244,'Bug',1.00,'Test',9),
(163,'IceScrum',96,235,'Bug',0.50,'Test',9),
(164,'IceScrum',98,233,'Bug',0.50,'Test',9),
(165,'IceScrum',98,234,'Bug',0.50,'Test',9),
(166,'IceScrum',97,231,'CR',0.50,'Test',9),
(167,'IceScrum',97,242,'CR',1.50,'Test',9),
(168,'IceScrum',97,261,'CR',0.50,'Test',9),
(169,'IceScrum',97,262,'CR',0.50,'Test',9),
(170,'IceScrum',97,263,'CR',1.00,'Test',9),
(171,'IceScrum',97,230,'CR',0.50,'Test',9),
(172,'IceScrum',97,239,'CR',2.00,'Test',9),
(173,'IceScrum',97,243,'CR',1.00,'Test',9),
(174,'IceScrum',97,229,'CR',1.50,'Test',9),
(175,'IceScrum',97,240,'CR',1.00,'Test',9),
(176,'IceScrum',97,253,'CR',1.00,'Test',9),
(177,'IceScrum',97,254,'CR',1.00,'Test',9),
(178,'IceScrum',0,255,'Bug',0.00,'Rejected',0),
(179,'IceScrum',0,256,'Bug',0.50,'Test',9),
(180,'IceScrum',0,232,'Bug',0.50,'Test',9),
(181,'IceScrum',0,177,'Internal CR',0.50,'Rejected',9),
(182,'IceScrum',0,215,'Bug',0.50,'Test',9),
(183,'IceScrum',0,224,'Bug',0.50,'Test',9),
(184,'IceScrum',0,222,'Bug',0.50,'Test',9),
(185,'IceScrum',0,223,'Bug',0.50,'Test',9),
(186,'IceScrum',0,238,'Bug',0.50,'Test',9),
(187,'IceScrum',0,249,'Bug',0.50,'Test',9),
(188,'IceScrum',0,257,'Bug',0.50,'Test',9),
(189,'IceScrum',101,245,'CR',0.50,'',10),
(190,'IceScrum',101,246,'CR',0.50,'',10),
(191,'IceScrum',99,284,'CR',0.50,'',10),
(192,'IceScrum',99,285,'CR',0.50,'',10),
(193,'IceScrum',99,286,'CR',0.50,'',10),
(194,'IceScrum',99,287,'CR',0.50,'',10),
(195,'IceScrum',99,288,'CR',0.50,'',10),
(196,'IceScrum',99,289,'CR',0.50,'',10),
(197,'IceScrum',99,290,'CR',0.50,'',10),
(198,'IceScrum',99,297,'CR',0.50,'',10),
(199,'IceScrum',99,300,'CR',1.00,'',10),
(200,'IceScrum',99,302,'CR',0.50,'',10),
(201,'IceScrum',113,308,'CR',1.00,'',10),
(202,'IceScrum',113,309,'CR',0.50,'',10),
(203,'IceScrum',113,310,'CR',0.50,'',10),
(204,'IceScrum',0,265,'',1.00,'Sviluppo',0),
(205,'IceScrum',0,281,'Bug',0.50,'',10),
(206,'IceScrum',0,292,'Bug',0.50,'',10),
(207,'IceScrum',0,293,'Bug',0.50,'',10),
(208,'IceScrum',0,295,'Bug',0.50,'',10),
(209,'IceScrum',0,299,'Bug',1.00,'',10),
(210,'IceScrum',16,301,'CR',2.00,'',10),
(211,'IceScrum',0,304,'',0.00,'',0),
(212,'IceScrum',16,305,'CR',0.50,'',10),
(213,'IceScrum',16,306,'CR',0.50,'',10),
(214,'IceScrum',0,307,'Internal CR',1.00,'',12),
(215,'IceScrum',0,311,'Bug',1.00,'',10),
(216,'IceScrum',47,312,'Internal CR',0.50,'',12),
(217,'IceScrum',47,313,'Internal CR',0.50,'',10),
(218,'IceScrum',0,314,'Bug',0.50,'',10),
(219,'IceScrum',0,315,'Bug',0.50,'',10),
(220,'IceScrum',0,316,'Bug',0.50,'',10),
(221,'IceScrum',0,317,'Internal CR',0.50,'',10),
(222,'IceScrum',0,318,'Bug',0.50,'',10),
(223,'',0,0,'CR',1.00,'',0),
(224,'',0,0,'CR',1.00,'',0),
(225,'IceScrum',1,1,'',0.50,'',1),
(226,'IceScrum',1,2,'',0.50,'',1),
(227,'IceScrum',1,3,'',0.50,'',1),
(228,'IceScrum',1,4,'',0.50,'',1),
(229,'IceScrum',1,5,'',0.50,'',1),
(230,'IceScrum',1,6,'',0.50,'',1),
(231,'IceScrum',1,7,'',0.50,'',1),
(232,'IceScrum',1,8,'',0.50,'',1),
(233,'IceScrum',2,9,'',0.50,'',1),
(234,'IceScrum',2,10,'',0.50,'',1),
(235,'IceScrum',2,11,'',0.50,'',1),
(236,'IceScrum',2,12,'',0.50,'',1),
(237,'IceScrum',2,13,'',0.50,'',1),
(238,'IceScrum',2,14,'',0.50,'',1),
(239,'IceScrum',2,15,'',0.50,'',1),
(240,'IceScrum',2,16,'',0.50,'',1),
(241,'IceScrum',2,17,'',0.50,'',1),
(242,'IceScrum',2,18,'',0.50,'',1),
(243,'IceScrum',2,19,'',0.50,'',1),
(244,'IceScrum',2,20,'',0.50,'',1),
(245,'IceScrum',2,21,'',0.50,'',1),
(246,'IceScrum',2,22,'',0.50,'',1),
(247,'IceScrum',2,23,'',0.50,'',1),
(248,'IceScrum',31,39,'',0.00,'',0),
(249,'IceScrum',31,40,'',0.00,'',0),
(250,'IceScrum',31,41,'',0.00,'',0),
(251,'IceScrum',3,54,'',0.00,'',0),
(252,'IceScrum',0,79,'',1.50,'',3),
(253,'IceScrum',43,80,'',1.00,'',4),
(254,'IceScrum',43,81,'',2.50,'',4),
(255,'IceScrum',46,91,'',0.00,'',0),
(256,'IceScrum',49,96,'',1.00,'',5),
(257,'IceScrum',49,106,'',1.00,'',5),
(258,'IceScrum',68,120,'',0.00,'',0),
(259,'IceScrum',68,121,'',0.00,'',0),
(260,'IceScrum',68,122,'',0.00,'',0),
(261,'IceScrum',0,127,'',0.50,'',6),
(262,'IceScrum',64,129,'',1.15,'',7),
(263,'IceScrum',64,130,'',1.15,'',7),
(264,'IceScrum',72,131,'',0.00,'',0),
(265,'IceScrum',72,132,'',0.00,'',0),
(266,'IceScrum',72,133,'',0.00,'',0),
(267,'IceScrum',69,135,'',1.07,'',6),
(268,'IceScrum',69,136,'',1.07,'',6),
(269,'IceScrum',69,137,'',1.07,'',6),
(270,'IceScrum',78,149,'',0.00,'',0),
(271,'IceScrum',77,155,'',0.50,'',7),
(272,'IceScrum',77,156,'',0.50,'',7),
(273,'IceScrum',64,161,'',1.15,'',7),
(274,'IceScrum',70,164,'',0.00,'',0),
(275,'IceScrum',81,169,'',1.00,'',8),
(276,'IceScrum',0,171,'',0.50,'',7),
(277,'IceScrum',0,172,'',0.50,'',7),
(278,'IceScrum',86,174,'',0.00,'',0),
(279,'IceScrum',81,178,'',1.00,'',8),
(280,'IceScrum',81,179,'',1.00,'',8),
(281,'IceScrum',81,180,'',1.00,'',8),
(282,'IceScrum',81,181,'',1.00,'',8),
(283,'IceScrum',81,182,'',1.00,'',8),
(284,'IceScrum',81,183,'',1.00,'',8),
(285,'IceScrum',81,184,'',1.00,'',8),
(286,'IceScrum',81,185,'',1.00,'',8),
(287,'IceScrum',81,186,'',1.00,'',8),
(288,'IceScrum',81,187,'',1.00,'',8),
(289,'IceScrum',54,188,'Internal CR',5.00,'',12),
(290,'IceScrum',0,191,'',5.00,'',8),
(291,'IceScrum',88,192,'',0.00,'',0),
(292,'IceScrum',88,193,'',0.00,'',0),
(293,'IceScrum',89,194,'',0.00,'',0),
(294,'IceScrum',0,196,'',0.50,'',8),
(295,'IceScrum',92,198,'',0.00,'',0),
(296,'IceScrum',17,207,'Internal CR',1.00,'',11),
(297,'IceScrum',83,211,'',0.50,'',8),
(298,'IceScrum',84,212,'',0.50,'',8),
(299,'IceScrum',83,213,'',0.50,'',8),
(300,'IceScrum',84,214,'',0.50,'',8),
(301,'IceScrum',94,218,'',1.00,'',0),
(302,'IceScrum',94,219,'',1.00,'',0),
(303,'IceScrum',65,221,'',3.00,'',8),
(304,'IceScrum',65,226,'',3.00,'',8),
(305,'IceScrum',97,266,'Bug',1.00,'',9),
(306,'IceScrum',97,267,'CR',1.00,'',9),
(307,'IceScrum',17,268,'Internal CR',1.00,'',11),
(308,'IceScrum',105,269,'Internal CR',1.00,'',11),
(309,'IceScrum',105,270,'Internal CR',5.00,'',11),
(310,'IceScrum',106,271,'Internal CR',1.00,'',11),
(311,'IceScrum',106,272,'Internal CR',3.50,'',11),
(312,'IceScrum',107,273,'Internal CR',1.00,'',11),
(313,'IceScrum',107,274,'Internal CR',1.00,'',11),
(314,'IceScrum',108,275,'Internal CR',1.00,'',11),
(315,'IceScrum',108,276,'Internal CR',2.00,'',11),
(316,'IceScrum',109,277,'Internal CR',1.00,'',11),
(317,'IceScrum',109,278,'Internal CR',1.50,'',11),
(318,'IceScrum',110,279,'Internal CR',1.00,'',11),
(319,'IceScrum',110,280,'Internal CR',1.00,'',11),
(320,'IceScrum',0,282,'',1.00,'',9),
(321,'IceScrum',0,283,'',1.00,'',9),
(322,'IceScrum',111,298,'Bug',1.00,'',12),
(323,'IceScrum',116,319,'Internal CR',2.00,'',12),
(324,'IceScrum',116,320,'Internal CR',2.00,'Sviluppo',12),
(325,'IceScrum',116,321,'Internal CR',2.00,'Sviluppo',12),
(326,'IceScrum',114,322,'Bug',1.00,'',11),
(327,'IceScrum',117,323,'Internal CR',1.00,'',12),
(328,'IceScrum',117,324,'Internal CR',1.00,'',12),
(329,'IceScrum',121,325,'Bug',1.00,'',12),
(330,'IceScrum',121,326,'Bug',0.50,'',12),
(331,'IceScrum',118,327,'Internal CR',3.50,'',11),
(332,'IceScrum',118,328,'Internal CR',6.50,'',11),
(333,'IceScrum',125,329,'Internal CR',0.50,'',11),
(334,'IceScrum',126,330,'CR',1.00,'',11),
(335,'IceScrum',103,331,'Internal CR',1.00,'',12),
(336,'IceScrum',103,332,'Internal CR',0.50,'Closed',12),
(337,'IceScrum',103,333,'Internal CR',1.07,'Rejected',0),
(338,'IceScrum',60,334,'Internal CR',8.00,'',0),
(339,'IceScrum',120,335,'Internal CR',3.00,'',0),
(340,'IceScrum',122,336,'CR',1.00,'',0),
(341,'IceScrum',122,337,'CR',1.00,'',0),
(342,'IceScrum',123,338,'CR',1.50,'',0),
(343,'IceScrum',123,339,'CR',1.50,'',0),
(344,'IceScrum',124,340,'CR',2.50,'',0),
(345,'IceScrum',124,341,'CR',2.50,'',0),
(346,'IceScrum',129,342,'CR',0.50,'',0),
(347,'IceScrum',129,343,'CR',0.50,'',0),
(348,'IceScrum',130,344,'CR',1.00,'',0),
(349,'IceScrum',130,345,'CR',1.00,'',0),
(350,'IceScrum',130,346,'CR',1.00,'',0),
(351,'IceScrum',127,347,'Internal CR',1.00,'',0),
(352,'IceScrum',127,348,'Internal CR',1.00,'',0),
(353,'IceScrum',112,349,'Internal CR',0.50,'',12),
(354,'IceScrum',131,350,'Bug',1.00,'',11),
(355,'IceScrum',131,351,'Bug',1.00,'',11),
(356,'IceScrum',132,352,'Bug',0.50,'',11),
(357,'IceScrum',132,353,'Bug',0.50,'',11),
(358,'IceScrum',133,354,'Bug',0.50,'Closed',12),
(359,'IceScrum',0,355,'Bug',0.50,'',11),
(360,'IceScrum',0,356,'Bug',0.50,'',11),
(361,'IceScrum',134,357,'Internal CR',1.50,'',11),
(362,'IceScrum',134,358,'Internal CR',1.50,'',11),
(363,'IceScrum',4,359,'',0.00,'',0),
(364,'IceScrum',133,360,'Bug',0.50,'Closed',12),
(365,'IceScrum',0,361,'Bug',1.00,'',11),
(366,'IceScrum',47,362,'Internal CR',0.50,'',12),
(367,'IceScrum',47,363,'Internal CR',2.00,'',12),
(368,'IceScrum',128,364,'Internal CR',0.50,'',11),
(369,'IceScrum',111,365,'Bug',0.50,'',12),
(370,'IceScrum',58,366,'Internal CR',0.50,'',11),
(371,'IceScrum',126,367,'CR',0.50,'',11),
(372,'IceScrum',134,368,'CR',1.00,'',11),
(373,'IceScrum',0,369,'Bug',0.50,'',11),
(374,'IceScrum',118,370,'Internal CR',0.50,'',11),
(375,'IceScrum',118,371,'Internal CR',0.50,'',11),
(376,'IceScrum',118,372,'Internal CR',0.50,'',11),
(377,'IceScrum',118,373,'Internal CR',0.50,'',11),
(378,'IceScrum',118,374,'Internal CR',0.50,'',11),
(379,'IceScrum',118,375,'Internal CR',0.50,'',11),
(380,'IceScrum',118,376,'Internal CR',0.50,'',11),
(381,'IceScrum',118,377,'Internal CR',0.50,'',11),
(382,'IceScrum',0,378,'Bug',0.50,'Closed',12),
(383,'IceScrum',0,379,'CR',0.50,'',11),
(384,'IceScrum',0,380,'Bug',1.00,'',12),
(385,'IceScrum',0,381,'Bug',0.50,'',11),
(386,'IceScrum',0,382,'Bug',0.50,'Closed',12),
(387,'IceScrum',117,383,'Internal CR',1.00,'',12),
(388,'IceScrum',136,384,'Bug',1.00,'',12),
(389,'IceScrum',111,385,'',0.00,'Rejected',0),
(390,'IceScrum',111,386,'Bug',0.50,'',12),
(391,'IceScrum',0,387,'Bug',0.50,'',12),
(392,'IceScrum',138,388,'Internal CR',0.50,'',12),
(393,'IceScrum',138,389,'Internal CR',1.00,'',12),
(394,'IceScrum',139,390,'',0.00,'',0),
(395,'IceScrum',140,391,'Internal CR',0.50,'Closed',12),
(396,'IceScrum',140,392,'Internal CR',0.50,'',12),
(397,'IceScrum',140,393,'Internal CR',1.00,'',12),
(398,'IceScrum',0,394,'CR',1.00,'',12),
(399,'IceScrum',112,395,'Internal CR',1.00,'',12),
(400,'IceScrum',112,396,'Internal CR',1.00,'',12),
(401,'IceScrum',138,397,'Internal CR',0.50,'Sviluppo',12),
(402,'IceScrum',120,398,'',0.00,'',0),
(403,'IceScrum',136,399,'Bug',1.00,'',12),
(404,'IceScrum',136,400,'Bug',0.50,'Closed',12),
(405,'IceScrum',47,401,'Internal CR',0.50,'Closed',12),
(406,'IceScrum',0,402,'Bug',0.50,'',12),
(407,'IceScrum',0,403,'Bug',0.50,'',12),
(410,'',0,0,'Internal CR',10.00,'',2),
(411,'OTRS',0,0,'Bug',0.50,'',12);

/*Table structure for table `sprint` */

DROP TABLE IF EXISTS `sprint`;

CREATE TABLE `sprint` (
  `id` int(11) NOT NULL,
  `state` int(11) DEFAULT NULL,
  `end_date` date DEFAULT NULL,
  `start_date` date DEFAULT NULL,
  `done_date` date DEFAULT NULL,
  `order_number` int(20) DEFAULT NULL,
  PRIMARY KEY (`id`)
) ENGINE=InnoDB DEFAULT CHARSET=utf8mb4;

/*Data for the table `sprint` */

insert  into `sprint`(`id`,`state`,`end_date`,`start_date`,`done_date`,`order_number`) values 
(22819,3,'2021-04-29','2021-03-17','2021-05-05',1),
(22820,3,'2021-05-13','2021-04-30','2021-05-14',2),
(22821,3,'2021-05-20','2021-05-14','2021-05-21',3),
(22822,3,'2021-05-27','2021-05-21','2021-05-26',4),
(22823,3,'2021-06-03','2021-05-28','2021-06-03',5),
(24820,3,'2021-06-11','2021-06-04','2021-06-15',6),
(25678,3,'2021-06-24','2021-06-12','2021-06-24',7),
(25684,3,'2021-07-08','2021-06-25','2021-07-13',8),
(26053,3,'2021-07-22','2021-07-09','2021-07-23',9),
(26810,3,'2021-08-05','2021-07-23','2021-08-06',10),
(26811,3,'2021-09-09','2021-08-06','2021-09-10',11),
(27466,3,'2021-09-23','2021-09-10','2021-09-24',12),
(27762,2,'2021-10-05','2021-09-24','1970-01-01',13),
(29628,1,'2021-10-19','2021-10-06','1970-01-01',14);

/*Table structure for table `tasks` */

DROP TABLE IF EXISTS `tasks`;

CREATE TABLE `tasks` (
  `id` int(11) NOT NULL,
  `summary` varchar(255) DEFAULT NULL,
  `date_submitted` date DEFAULT NULL,
  `reporter` varchar(255) DEFAULT NULL,
  `story_id` int(20) DEFAULT NULL,
  `sprint_id` int(20) DEFAULT NULL,
  `environment` varchar(255) DEFAULT NULL,
  `assigned_to` varchar(50) DEFAULT NULL,
  `tags` varchar(255) DEFAULT NULL,
  `impact` varchar(50) DEFAULT NULL,
  `effort` double(5,2) DEFAULT NULL,
  PRIMARY KEY (`id`)
) ENGINE=InnoDB DEFAULT CHARSET=utf8mb4;

/*Data for the table `tasks` */

insert  into `tasks`(`id`,`summary`,`date_submitted`,`reporter`,`story_id`,`sprint_id`,`environment`,`assigned_to`,`tags`,`impact`,`effort`) values 
(1,'Allineare a destra le bandierine con la fine dell\'ultima card','1970-01-01','25d96aaf00f13f8a2308852201f3faaf',1,22819,'IceScrum','15d202d5d36daea2f40c5c7b2ac3f24d','','',0.12),
(2,'Distanziare le bandierine di 8px una dall\'altra','1970-01-01','25d96aaf00f13f8a2308852201f3faaf',1,22819,'IceScrum','15d202d5d36daea2f40c5c7b2ac3f24d','','',0.12),
(3,'Eliminare il testo sopra le singole card e metterlo al centro come da immagine allegata.','1970-01-01','25d96aaf00f13f8a2308852201f3faaf',1,22819,'IceScrum','15d202d5d36daea2f40c5c7b2ac3f24d','','',0.12),
(4,'Gestire la modifica del testo in base al cambio della lingua','1970-01-01','25d96aaf00f13f8a2308852201f3faaf',1,22819,'IceScrum','15d202d5d36daea2f40c5c7b2ac3f24d','','',0.12),
(5,'Ingrandire il logo all\'interno della card','1970-01-01','25d96aaf00f13f8a2308852201f3faaf',1,22819,'IceScrum','15d202d5d36daea2f40c5c7b2ac3f24d','','',0.12),
(6,'Mettere ombra sotto la singola card','1970-01-01','25d96aaf00f13f8a2308852201f3faaf',1,22819,'IceScrum','15d202d5d36daea2f40c5c7b2ac3f24d','','',0.12),
(7,'Modificare Nome dell\'app sulla linguetta del browser','1970-01-01','25d96aaf00f13f8a2308852201f3faaf',1,22819,'IceScrum','15d202d5d36daea2f40c5c7b2ac3f24d','','',0.12),
(8,'Modificare Favicon','1970-01-01','25d96aaf00f13f8a2308852201f3faaf',1,22819,'IceScrum','15d202d5d36daea2f40c5c7b2ac3f24d','','',0.12),
(9,'Fixare la nav bar','1970-01-01','bb5dd250803d1b9981b903ce134d69b7',2,22819,'IceScrum','15d202d5d36daea2f40c5c7b2ac3f24d','','',0.07),
(10,'Tablet alcatel 1280x800 - fix scroll pagina choose brand','1970-01-01','bb5dd250803d1b9981b903ce134d69b7',2,22819,'IceScrum','15d202d5d36daea2f40c5c7b2ac3f24d','','',0.07),
(11,'Tablet alcatel 1280x800 - fix scroll pagina voglio noleggiare','1970-01-01','15d202d5d36daea2f40c5c7b2ac3f24d',2,22819,'IceScrum','15d202d5d36daea2f40c5c7b2ac3f24d','','',0.07),
(12,'Tablet alcatel 1280x800 - page ho prenotazione fix cards content & responsive','1970-01-01','15d202d5d36daea2f40c5c7b2ac3f24d',2,22819,'IceScrum','15d202d5d36daea2f40c5c7b2ac3f24d','','',0.07),
(13,'Tablet alcatel 1280x800 - fix focus form quando la tastiera è aperta','1970-01-01','15d202d5d36daea2f40c5c7b2ac3f24d',2,22819,'IceScrum','15d202d5d36daea2f40c5c7b2ac3f24d','','',0.07),
(14,'Tablet alcatel 1280x800 - fix scroll non esistente quando la tastiera è aperta form','1970-01-01','15d202d5d36daea2f40c5c7b2ac3f24d',2,22819,'IceScrum','15d202d5d36daea2f40c5c7b2ac3f24d','','',0.07),
(15,'Tablet alcatel 1280x800 - step riepilogo dati inseriti prenotazione non scrolla e card tagliata','1970-01-01','15d202d5d36daea2f40c5c7b2ac3f24d',2,22819,'IceScrum','15d202d5d36daea2f40c5c7b2ac3f24d','','',0.07),
(16,'BUG - alla chiusura della modale di inattività utente, lo stepper non viene più mostrato','1970-01-01','15d202d5d36daea2f40c5c7b2ac3f24d',2,22819,'IceScrum','15d202d5d36daea2f40c5c7b2ac3f24d','','',0.07),
(17,'MIGLIORAMENTI - Campi non allineati uno con l\'altro','1970-01-01','15d202d5d36daea2f40c5c7b2ac3f24d',2,22819,'IceScrum','15d202d5d36daea2f40c5c7b2ac3f24d','','',0.07),
(18,'Tablet alcatel 1280x800 - fix scroll pagina richiesta di essere contattato','1970-01-01','15d202d5d36daea2f40c5c7b2ac3f24d',2,22819,'IceScrum','15d202d5d36daea2f40c5c7b2ac3f24d','','',0.07),
(19,'MIGLIORAMENTI - Apertura tastierino numerico campo telefono','1970-01-01','15d202d5d36daea2f40c5c7b2ac3f24d',2,22819,'IceScrum','15d202d5d36daea2f40c5c7b2ac3f24d','','',0.07),
(20,'Tablet alcatel 1280x800 - fix scroll pagina form no prenotazione','1970-01-01','15d202d5d36daea2f40c5c7b2ac3f24d',2,22819,'IceScrum','15d202d5d36daea2f40c5c7b2ac3f24d','','',0.07),
(21,'Tablet alcatel 1280x800 - fix cards content & responsive pagina voglio noleggiare auto','1970-01-01','15d202d5d36daea2f40c5c7b2ac3f24d',2,22819,'IceScrum','15d202d5d36daea2f40c5c7b2ac3f24d','','',0.07),
(22,'MIGLIORAMENTI - Titolo pagina choose brand formattazione come altri titoli','1970-01-01','15d202d5d36daea2f40c5c7b2ac3f24d',2,22819,'IceScrum','15d202d5d36daea2f40c5c7b2ac3f24d','','',0.07),
(23,'Tablet alcatel 1280x800 - fix scroll pagina contatti','1970-01-01','15d202d5d36daea2f40c5c7b2ac3f24d',2,22819,'IceScrum','15d202d5d36daea2f40c5c7b2ac3f24d','','',0.07),
(24,'FE - Rimuovere pointer events none','1970-01-01','15d202d5d36daea2f40c5c7b2ac3f24d',8,22819,'IceScrum','15d202d5d36daea2f40c5c7b2ac3f24d','','',NULL),
(25,'FE - Creazione modale inserimento/modifica operatore','1970-01-01','15d202d5d36daea2f40c5c7b2ac3f24d',12,22819,'IceScrum','15d202d5d36daea2f40c5c7b2ac3f24d','','',0.50),
(26,'FE - Gestire form in creazione e in update','1970-01-01','15d202d5d36daea2f40c5c7b2ac3f24d',12,22819,'IceScrum','15d202d5d36daea2f40c5c7b2ac3f24d','','',0.50),
(27,'Inserire Loader per le get','1970-01-01','bb5dd250803d1b9981b903ce134d69b7',NULL,22819,'IceScrum','b2494eec2bafe75a4c58af2c1887f6a0','','',NULL),
(28,'Smart checkout - adattamento alcatel','1970-01-01','15d202d5d36daea2f40c5c7b2ac3f24d',NULL,22819,'IceScrum','15d202d5d36daea2f40c5c7b2ac3f24d','','',NULL),
(29,'creazione ramo git gestione-tablet','1970-01-01','b2494eec2bafe75a4c58af2c1887f6a0',24,22819,'IceScrum','b2494eec2bafe75a4c58af2c1887f6a0','','',1.00),
(30,'creazione pagina feature tab-inventario-tablet e componente edit-tablet','1970-01-01','b2494eec2bafe75a4c58af2c1887f6a0',24,22819,'IceScrum','b2494eec2bafe75a4c58af2c1887f6a0','','',1.00),
(31,'creazione logica componente tab-inventario-tablet','1970-01-01','b2494eec2bafe75a4c58af2c1887f6a0',24,22819,'IceScrum','b2494eec2bafe75a4c58af2c1887f6a0','','',1.00),
(33,'Aggiunta Tasto \"Assegna\"','1970-01-01','25d96aaf00f13f8a2308852201f3faaf',28,22819,'IceScrum','15d202d5d36daea2f40c5c7b2ac3f24d','','',0.33),
(34,'Servizio di get desk sulla base di una schedule','1970-01-01','15d202d5d36daea2f40c5c7b2ac3f24d',28,22819,'IceScrum','bec7451b2d31617085eeb9a44c612565','','',0.33),
(35,'Implementazione assign desk per clienti in attesa','1970-01-01','15d202d5d36daea2f40c5c7b2ac3f24d',28,22819,'IceScrum','15d202d5d36daea2f40c5c7b2ac3f24d','','',0.33),
(36,'Test Sistema autenticazione SF','1970-01-01','bb5dd250803d1b9981b903ce134d69b7',29,22820,'IceScrum','c998cfef06ededb6d756917ab99cd678','','',2.67),
(37,'Definizione architettura','1970-01-01','bb5dd250803d1b9981b903ce134d69b7',29,22820,'IceScrum','c998cfef06ededb6d756917ab99cd678','','',2.67),
(38,'poc architettura','1970-01-01','bb5dd250803d1b9981b903ce134d69b7',29,22820,'IceScrum','c998cfef06ededb6d756917ab99cd678','','',2.67),
(39,'Trasformare la piattaforma in una PWA','1970-01-01','c998cfef06ededb6d756917ab99cd678',31,NULL,'IceScrum','','','',NULL),
(40,'Censimento delle risorse da tenere in cache','1970-01-01','c998cfef06ededb6d756917ab99cd678',31,NULL,'IceScrum','','','',NULL),
(41,'Implementazione della cache lato client','1970-01-01','c998cfef06ededb6d756917ab99cd678',31,NULL,'IceScrum','','','',NULL),
(42,'Implementazione della Modale','1970-01-01','c998cfef06ededb6d756917ab99cd678',32,24820,'IceScrum','15d202d5d36daea2f40c5c7b2ac3f24d','','',1.25),
(43,'Barra di ricerca per Nome e Codice operativo','1970-01-01','c998cfef06ededb6d756917ab99cd678',32,24820,'IceScrum','15d202d5d36daea2f40c5c7b2ac3f24d','','',1.25),
(44,'Implementazione filtro: Liberi/tutti','1970-01-01','c998cfef06ededb6d756917ab99cd678',32,24820,'IceScrum','15d202d5d36daea2f40c5c7b2ac3f24d','','',1.25),
(45,'Implementazione filtro: Service room','1970-01-01','c998cfef06ededb6d756917ab99cd678',32,24820,'IceScrum','15d202d5d36daea2f40c5c7b2ac3f24d','','',1.25),
(46,'il pulsante \"Assegna\" deve essere disponibile SOLO per gli utenti in attesa.','1970-01-01','c998cfef06ededb6d756917ab99cd678',35,22820,'IceScrum','15d202d5d36daea2f40c5c7b2ac3f24d','','',0.50),
(47,'Rimozione Icona menù firma digitale da web','1970-01-01','c998cfef06ededb6d756917ab99cd678',35,22820,'IceScrum','15d202d5d36daea2f40c5c7b2ac3f24d','','',0.50),
(48,'Preselezione Menù all\'atterraggio del manager sul sistema','1970-01-01','c998cfef06ededb6d756917ab99cd678',35,22820,'IceScrum','15d202d5d36daea2f40c5c7b2ac3f24d','','',0.50),
(53,'Gestione 404','1970-01-01','c998cfef06ededb6d756917ab99cd678',36,22820,'IceScrum','15d202d5d36daea2f40c5c7b2ac3f24d','','',NULL),
(55,'Rimozione icona clessidra','1970-01-01','c998cfef06ededb6d756917ab99cd678',37,22821,'IceScrum','b2494eec2bafe75a4c58af2c1887f6a0','','',0.50),
(56,'Al click dell\'icona lista, atterrare sulla pagina \"clienti-in-attesa\"','1970-01-01','c998cfef06ededb6d756917ab99cd678',37,22821,'IceScrum','b2494eec2bafe75a4c58af2c1887f6a0','','',0.50),
(57,'FE: Inserimento campi previsti dalla schermata','1970-01-01','c998cfef06ededb6d756917ab99cd678',30,22822,'IceScrum','15d202d5d36daea2f40c5c7b2ac3f24d','','',2.00),
(58,'Predisposizione lato Back End dei nuovi campi previsti','1970-01-01','c998cfef06ededb6d756917ab99cd678',30,22822,'IceScrum','bec7451b2d31617085eeb9a44c612565','','',2.00),
(59,'Creazione di icona per visualizzazione attività sul device','1970-01-01','c998cfef06ededb6d756917ab99cd678',30,22822,'IceScrum','15d202d5d36daea2f40c5c7b2ac3f24d','','',2.00),
(61,'Predisporre interfaccia per l\'inserimento del device','1970-01-01','c998cfef06ededb6d756917ab99cd678',38,22821,'IceScrum','15d202d5d36daea2f40c5c7b2ac3f24d','','',0.40),
(62,'Lato BE generare la chiamata da fare per l\'inserimento del nuovo device','1970-01-01','c998cfef06ededb6d756917ab99cd678',38,22821,'IceScrum','c998cfef06ededb6d756917ab99cd678','','',0.40),
(63,'Implementazione del bottone e della modale','1970-01-01','c998cfef06ededb6d756917ab99cd678',39,NULL,'IceScrum','b2494eec2bafe75a4c58af2c1887f6a0','','',NULL),
(64,'Invio e-mail','1970-01-01','c998cfef06ededb6d756917ab99cd678',39,NULL,'IceScrum','bec7451b2d31617085eeb9a44c612565','','',NULL),
(65,'Creazione di un pannello di configurazione del sistema','1970-01-01','c998cfef06ededb6d756917ab99cd678',40,NULL,'IceScrum','','','',NULL),
(68,'Aggiunta campi rispetto al design','1970-01-01','c998cfef06ededb6d756917ab99cd678',30,22822,'IceScrum','15d202d5d36daea2f40c5c7b2ac3f24d','','',2.00),
(69,'Aggiunta campi rispetto al design','1970-01-01','c998cfef06ededb6d756917ab99cd678',38,22821,'IceScrum','15d202d5d36daea2f40c5c7b2ac3f24d','','',0.40),
(70,'Analisi di fattibilità con leafleft (openmap)','1970-01-01','c998cfef06ededb6d756917ab99cd678',42,25678,'IceScrum','b2494eec2bafe75a4c58af2c1887f6a0','','',1.67),
(71,'Integrazione a BE della posizione dei device','1970-01-01','c998cfef06ededb6d756917ab99cd678',42,25678,'IceScrum','bec7451b2d31617085eeb9a44c612565','','',1.67),
(72,'Realizzazione della mappa sul portale nell\'interfaccia dei dati in sola lettura','1970-01-01','c998cfef06ededb6d756917ab99cd678',42,25678,'IceScrum','15d202d5d36daea2f40c5c7b2ac3f24d','','',1.67),
(73,'Inserimento lingua italiana','1970-01-01','c998cfef06ededb6d756917ab99cd678',41,22823,'IceScrum','b2494eec2bafe75a4c58af2c1887f6a0','','',1.00),
(74,'Conversione radio button in select, status appuntamenti in appuntamenti pickup point','1970-01-01','c998cfef06ededb6d756917ab99cd678',35,22820,'IceScrum','15d202d5d36daea2f40c5c7b2ac3f24d','','',0.50),
(75,'Tracciamento richieste su DB','1970-01-01','c998cfef06ededb6d756917ab99cd678',39,NULL,'IceScrum','bec7451b2d31617085eeb9a44c612565','','',NULL),
(77,'Esportazione delle prenotazioni dalla pagina calendar','1970-01-01','c998cfef06ededb6d756917ab99cd678',26,22821,'IceScrum','b2494eec2bafe75a4c58af2c1887f6a0','','',0.50),
(78,'Predisporre il Back End per l\'estrazione','1970-01-01','c998cfef06ededb6d756917ab99cd678',26,22821,'IceScrum','bec7451b2d31617085eeb9a44c612565','','',0.50),
(79,'Import Device da csv','1970-01-01','c998cfef06ededb6d756917ab99cd678',NULL,22821,'IceScrum','b2494eec2bafe75a4c58af2c1887f6a0','','',NULL),
(80,'Attività FE di integrazione','1970-01-01','c998cfef06ededb6d756917ab99cd678',43,22822,'IceScrum','b2494eec2bafe75a4c58af2c1887f6a0','','',1.00),
(81,'Attività di elaborazione BE del contatore','1970-01-01','c998cfef06ededb6d756917ab99cd678',43,22822,'IceScrum','bec7451b2d31617085eeb9a44c612565','','',1.00),
(82,'Selezione della lingua a seconda della lingua del browser','1970-01-01','c998cfef06ededb6d756917ab99cd678',41,22823,'IceScrum','b2494eec2bafe75a4c58af2c1887f6a0','','',1.00),
(83,'Controllo per il cambio lingua sul portale','1970-01-01','c998cfef06ededb6d756917ab99cd678',41,22823,'IceScrum','b2494eec2bafe75a4c58af2c1887f6a0','','',1.00),
(84,'i18n sull\'APP','1970-01-01','c998cfef06ededb6d756917ab99cd678',41,22823,'IceScrum','b2494eec2bafe75a4c58af2c1887f6a0','','',1.00),
(85,'Inserimento Sim','1970-01-01','c998cfef06ededb6d756917ab99cd678',38,22821,'IceScrum','c998cfef06ededb6d756917ab99cd678','','',0.40),
(86,'Gestione BE per il ritrovamento di SIM già in uso','1970-01-01','c998cfef06ededb6d756917ab99cd678',38,22821,'IceScrum','c998cfef06ededb6d756917ab99cd678','','',0.40),
(87,'Attività FE di creazione controllo','1970-01-01','c998cfef06ededb6d756917ab99cd678',44,25678,'IceScrum','15d202d5d36daea2f40c5c7b2ac3f24d','','',0.50),
(88,'Attività BE di attuazione filtro','1970-01-01','c998cfef06ededb6d756917ab99cd678',44,25678,'IceScrum','a6ca6e31be8f3cbd9e41e2e10544a370','','',0.50),
(89,'Migliorie colori','1970-01-01','c998cfef06ededb6d756917ab99cd678',45,22822,'IceScrum','15d202d5d36daea2f40c5c7b2ac3f24d','','',1.00),
(90,'Lato BE: internazionalizzazione della mail','1970-01-01','c998cfef06ededb6d756917ab99cd678',41,22823,'IceScrum','bec7451b2d31617085eeb9a44c612565','','',1.00),
(92,'Realizzazione toolbar per cambio lingua','1970-01-01','15d202d5d36daea2f40c5c7b2ac3f24d',41,22823,'IceScrum','15d202d5d36daea2f40c5c7b2ac3f24d','','',1.00),
(93,'Creazione Job di sincronizzazione giornaliero da Hexnode al DB AVIS','1970-01-01','c998cfef06ededb6d756917ab99cd678',48,25678,'IceScrum','bec7451b2d31617085eeb9a44c612565','','',2.50),
(94,'Inserimento lingua inglese','1970-01-01','c998cfef06ededb6d756917ab99cd678',41,22823,'IceScrum','b2494eec2bafe75a4c58af2c1887f6a0','','',1.00),
(95,'Costruzione file dizionario','1970-01-01','c998cfef06ededb6d756917ab99cd678',41,22823,'IceScrum','c998cfef06ededb6d756917ab99cd678','','',1.00),
(96,'Traduzione eccezioni lato BE','1970-01-01','c998cfef06ededb6d756917ab99cd678',49,22823,'IceScrum','a6ca6e31be8f3cbd9e41e2e10544a370','','',0.67),
(97,'Traduzione eccezioni lato FE','1970-01-01','c998cfef06ededb6d756917ab99cd678',49,22823,'IceScrum','15d202d5d36daea2f40c5c7b2ac3f24d','','',0.67),
(98,'Creazione Test Environment','1970-01-01','c998cfef06ededb6d756917ab99cd678',51,24820,'IceScrum','b2494eec2bafe75a4c58af2c1887f6a0','','',1.00),
(99,'Creazione UAT Environment','1970-01-01','c998cfef06ededb6d756917ab99cd678',51,24820,'IceScrum','b2494eec2bafe75a4c58af2c1887f6a0','','',1.00),
(102,'Semplificazione query','1970-01-01','c998cfef06ededb6d756917ab99cd678',52,NULL,'IceScrum','','','',NULL),
(103,'Implementazione dei flag aggiuntivi','1970-01-01','c998cfef06ededb6d756917ab99cd678',53,NULL,'IceScrum','','','',NULL),
(104,'Aggiunta storico status degli appuntamenti inseriti da Preprint','1970-01-01','c998cfef06ededb6d756917ab99cd678',53,NULL,'IceScrum','','','',NULL),
(105,'Url integration lead','1970-01-01','c998cfef06ededb6d756917ab99cd678',53,NULL,'IceScrum','','','',NULL),
(106,'Gestione eccezione per num. SIM duplicata','1970-01-01','a6ca6e31be8f3cbd9e41e2e10544a370',49,22823,'IceScrum','a6ca6e31be8f3cbd9e41e2e10544a370','','',0.67),
(107,'Estrazione dal BE delle informazioni richieste','1970-01-01','c998cfef06ededb6d756917ab99cd678',47,27466,'IceScrum','a6ca6e31be8f3cbd9e41e2e10544a370','','',0.62),
(108,'Elaborazione FE delle dashboard','1970-01-01','c998cfef06ededb6d756917ab99cd678',47,27466,'IceScrum','15d202d5d36daea2f40c5c7b2ac3f24d','','',0.62),
(109,'Bypassare la pagina dove si sceglie la company post login','1970-01-01','c998cfef06ededb6d756917ab99cd678',56,24820,'IceScrum','b2494eec2bafe75a4c58af2c1887f6a0','','',1.00),
(110,'Realizzazione scheda operatore','1970-01-01','15d202d5d36daea2f40c5c7b2ac3f24d',33,24820,'IceScrum','15d202d5d36daea2f40c5c7b2ac3f24d','','',0.33),
(111,'Aggiunta campo \"in group\" nella tabella device','1970-01-01','c998cfef06ededb6d756917ab99cd678',48,25678,'IceScrum','bec7451b2d31617085eeb9a44c612565','','',2.50),
(112,'Realizzazione paginazione','1970-01-01','15d202d5d36daea2f40c5c7b2ac3f24d',33,24820,'IceScrum','15d202d5d36daea2f40c5c7b2ac3f24d','','',0.33),
(113,'Realizzazione servizio di ricerca operatori','1970-01-01','15d202d5d36daea2f40c5c7b2ac3f24d',33,24820,'IceScrum','a6ca6e31be8f3cbd9e41e2e10544a370','','',0.33),
(114,'tentare recupero versione da xml','1970-01-01','b2494eec2bafe75a4c58af2c1887f6a0',62,24820,'IceScrum','b2494eec2bafe75a4c58af2c1887f6a0','','',1.00),
(117,'Bugfixing traduzioni','1970-01-01','c998cfef06ededb6d756917ab99cd678',NULL,24820,'IceScrum','15d202d5d36daea2f40c5c7b2ac3f24d','','',NULL),
(118,'Aggiunta budget brand per Iberia','1970-01-01','c998cfef06ededb6d756917ab99cd678',NULL,24820,'IceScrum','b2494eec2bafe75a4c58af2c1887f6a0','','',NULL),
(119,'Rimuovere il filtro per company per Iberia in quanto mono company','1970-01-01','c998cfef06ededb6d756917ab99cd678',NULL,24820,'IceScrum','b2494eec2bafe75a4c58af2c1887f6a0','','',NULL),
(123,'Branch per deploy in test','1970-01-01','c998cfef06ededb6d756917ab99cd678',61,24820,'IceScrum','c998cfef06ededb6d756917ab99cd678','','',1.00),
(124,'Branch per deploy in UAT','1970-01-01','c998cfef06ededb6d756917ab99cd678',61,24820,'IceScrum','c998cfef06ededb6d756917ab99cd678','','',1.00),
(126,'Automatismo di aggiornamento degli altri branch alla chiusura di release','1970-01-01','c998cfef06ededb6d756917ab99cd678',61,24820,'IceScrum','c998cfef06ededb6d756917ab99cd678','','',1.00),
(127,'Aggiornamento dizionario con i codici errore','1970-01-01','c998cfef06ededb6d756917ab99cd678',NULL,24820,'IceScrum','15d202d5d36daea2f40c5c7b2ac3f24d','','',NULL),
(128,'VR: Rental Sales Agent','1970-01-01','c998cfef06ededb6d756917ab99cd678',64,25678,'IceScrum','a6ca6e31be8f3cbd9e41e2e10544a370','[#BackEnd]','BE',0.75),
(129,'VR: Station manager','1970-01-01','c998cfef06ededb6d756917ab99cd678',64,25678,'IceScrum','c998cfef06ededb6d756917ab99cd678','','',0.75),
(130,'RS: Rental Sales Agent and Station Manager','1970-01-01','c998cfef06ededb6d756917ab99cd678',64,25678,'IceScrum','c998cfef06ededb6d756917ab99cd678','','',0.75),
(131,'Analizzare il link in fondo al corpo della pagina dove deve puntare','1970-01-01','c998cfef06ededb6d756917ab99cd678',72,NULL,'IceScrum','','','',NULL),
(132,'Inserire gli href da inserire nelle icone social','1970-01-01','c998cfef06ededb6d756917ab99cd678',72,NULL,'IceScrum','','','',NULL),
(133,'Verificare il popolamento del codice di 4 cifre caricato nel corpo della mail','1970-01-01','c998cfef06ededb6d756917ab99cd678',72,NULL,'IceScrum','','','',NULL),
(135,'creazione e redirect dominio FE','1970-01-01','b2494eec2bafe75a4c58af2c1887f6a0',69,24820,'IceScrum','b2494eec2bafe75a4c58af2c1887f6a0','','',0.67),
(136,'creazione e redirect dominio BE','1970-01-01','b2494eec2bafe75a4c58af2c1887f6a0',69,24820,'IceScrum','b2494eec2bafe75a4c58af2c1887f6a0','','',0.67),
(137,'query INIT db produzione','1970-01-01','b2494eec2bafe75a4c58af2c1887f6a0',69,24820,'IceScrum','b2494eec2bafe75a4c58af2c1887f6a0','','',0.67),
(139,'Creazione UAT Environment','1970-01-01','c998cfef06ededb6d756917ab99cd678',74,25678,'IceScrum','b2494eec2bafe75a4c58af2c1887f6a0','','',2.00),
(141,'Creazione UAT Environment','1970-01-01','c998cfef06ededb6d756917ab99cd678',75,25678,'IceScrum','b2494eec2bafe75a4c58af2c1887f6a0','','',2.00),
(144,'FE - Implementazione e gestione multiselect lingua','1970-01-01','15d202d5d36daea2f40c5c7b2ac3f24d',34,25678,'IceScrum','15d202d5d36daea2f40c5c7b2ac3f24d','','',1.00),
(145,'BE - Implementazione e gestione multiselect lingua','1970-01-01','a6ca6e31be8f3cbd9e41e2e10544a370',34,25678,'IceScrum','a6ca6e31be8f3cbd9e41e2e10544a370','','',1.00),
(146,'Per ogni giorno, inserire il quantitativo di appuntamenti provenienti da preprint','1970-01-01','c998cfef06ededb6d756917ab99cd678',77,25678,'IceScrum','15d202d5d36daea2f40c5c7b2ac3f24d','','',0.29),
(147,'Modifica del dettaglio della giornata','1970-01-01','c998cfef06ededb6d756917ab99cd678',77,25678,'IceScrum','15d202d5d36daea2f40c5c7b2ac3f24d','','',0.29),
(148,'Modifica al DB','1970-01-01','c998cfef06ededb6d756917ab99cd678',78,NULL,'IceScrum','','','',NULL),
(149,'Server side Cache','1970-01-01','c998cfef06ededb6d756917ab99cd678',78,NULL,'IceScrum','','','',NULL),
(150,'Creare sul DB le relazioni con il mercato','1970-01-01','c998cfef06ededb6d756917ab99cd678',80,NULL,'IceScrum','','','',NULL),
(151,'Adeguare le chiamate FE usando il parametro Market','1970-01-01','c998cfef06ededb6d756917ab99cd678',80,NULL,'IceScrum','','','',NULL),
(152,'Dominio unico','1970-01-01','c998cfef06ededb6d756917ab99cd678',80,NULL,'IceScrum','','','',NULL),
(153,'Fixare chiamata operatori dalla modale delle assegnazioni','1970-01-01','c998cfef06ededb6d756917ab99cd678',NULL,25678,'IceScrum','a6ca6e31be8f3cbd9e41e2e10544a370','[#BackEnd]','BE',NULL),
(154,'Fixare autocomplete dall\'interfaccia degli operatori al PUP','1970-01-01','c998cfef06ededb6d756917ab99cd678',NULL,25678,'IceScrum','bec7451b2d31617085eeb9a44c612565','[#BackEnd]','BE',NULL),
(155,'BE - Refactoring del calendar','1970-01-01','a6ca6e31be8f3cbd9e41e2e10544a370',77,25678,'IceScrum','a6ca6e31be8f3cbd9e41e2e10544a370','','',0.29),
(156,'BE - Count appuntamenti preprint','1970-01-01','a6ca6e31be8f3cbd9e41e2e10544a370',77,25678,'IceScrum','a6ca6e31be8f3cbd9e41e2e10544a370','','',0.29),
(157,'Verifica caricamento tablet Spagna e Portogallo','1970-01-01','c998cfef06ededb6d756917ab99cd678',NULL,25678,'IceScrum','b2494eec2bafe75a4c58af2c1887f6a0','','',NULL),
(158,'Sistemare paginatore per le location','1970-01-01','c998cfef06ededb6d756917ab99cd678',NULL,25678,'IceScrum','15d202d5d36daea2f40c5c7b2ac3f24d','','',NULL),
(159,'Fixare autocomplete dall\'interfaccia degli operatori al PUP','1970-01-01','c998cfef06ededb6d756917ab99cd678',NULL,25678,'IceScrum','15d202d5d36daea2f40c5c7b2ac3f24d','[#frontend]','FE',NULL),
(160,'BE - Implementazione dettaglio orari preprint','1970-01-01','a6ca6e31be8f3cbd9e41e2e10544a370',77,25678,'IceScrum','bec7451b2d31617085eeb9a44c612565','','',0.29),
(161,'VR: Rental Sales Agent','1970-01-01','c998cfef06ededb6d756917ab99cd678',64,25678,'IceScrum','b2494eec2bafe75a4c58af2c1887f6a0','[#frontend]','FE',0.75),
(162,'Implementazione BE','1970-01-01','c998cfef06ededb6d756917ab99cd678',79,25678,'IceScrum','a6ca6e31be8f3cbd9e41e2e10544a370','','',NULL),
(163,'FE - Gestione exception non tracciabili','1970-01-01','15d202d5d36daea2f40c5c7b2ac3f24d',NULL,25678,'IceScrum','15d202d5d36daea2f40c5c7b2ac3f24d','','',NULL),
(164,'Deploy app su Hexnode credenziali','1970-01-01','c998cfef06ededb6d756917ab99cd678',70,NULL,'IceScrum','bec7451b2d31617085eeb9a44c612565','','',NULL),
(165,'Bugfixing','1970-01-01','c998cfef06ededb6d756917ab99cd678',77,25678,'IceScrum','bec7451b2d31617085eeb9a44c612565','[#BackEnd]','BE',0.29),
(166,'Modale operatore: loader al caricamento degli operatori','1970-01-01','c998cfef06ededb6d756917ab99cd678',NULL,25678,'IceScrum','15d202d5d36daea2f40c5c7b2ac3f24d','','',NULL),
(167,'Bug - Filtro stato prenotazioni in clienti in attesa','1970-01-01','15d202d5d36daea2f40c5c7b2ac3f24d',NULL,25678,'IceScrum','15d202d5d36daea2f40c5c7b2ac3f24d','','',NULL),
(168,'Traduzione delle date sulle email di conferma','1970-01-01','c998cfef06ededb6d756917ab99cd678',NULL,25678,'IceScrum','c998cfef06ededb6d756917ab99cd678','','',NULL),
(169,'Implementazione BE','1970-01-01','c998cfef06ededb6d756917ab99cd678',81,25684,'IceScrum','a6ca6e31be8f3cbd9e41e2e10544a370','','',1.18),
(170,'Colori clienti in attesa','1970-01-01','c998cfef06ededb6d756917ab99cd678',NULL,25684,'IceScrum','15d202d5d36daea2f40c5c7b2ac3f24d','','',NULL),
(171,'Paginatore preprint','1970-01-01','c998cfef06ededb6d756917ab99cd678',NULL,25678,'IceScrum','15d202d5d36daea2f40c5c7b2ac3f24d','','',NULL),
(172,'Paginatore utenti','1970-01-01','c998cfef06ededb6d756917ab99cd678',NULL,25678,'IceScrum','15d202d5d36daea2f40c5c7b2ac3f24d','','',NULL),
(173,'Modifica chiamata aggiunta preprint','1970-01-01','15d202d5d36daea2f40c5c7b2ac3f24d',77,25678,'IceScrum','15d202d5d36daea2f40c5c7b2ac3f24d','','',0.29),
(174,'Merge del codice anche su questo ambiente','1970-01-01','c998cfef06ededb6d756917ab99cd678',86,NULL,'IceScrum','','','',NULL),
(175,'Cron che pulisce la vista delle congestioni','1970-01-01','c998cfef06ededb6d756917ab99cd678',87,25684,'IceScrum','a6ca6e31be8f3cbd9e41e2e10544a370','','',1.00),
(176,'Cache lato server','1970-01-01','c998cfef06ededb6d756917ab99cd678',87,25684,'IceScrum','a6ca6e31be8f3cbd9e41e2e10544a370','','',1.00),
(177,'Inserimento Brand nelle mail di avvenuta registrazione appuntamento','1970-01-01','c998cfef06ededb6d756917ab99cd678',NULL,26053,'IceScrum','a6ca6e31be8f3cbd9e41e2e10544a370','','',NULL),
(178,'dividere i progetti in core, jobs e smart-checkout','1970-01-01','bb5dd250803d1b9981b903ce134d69b7',81,25684,'IceScrum','bb5dd250803d1b9981b903ce134d69b7','','',1.18),
(179,'mettere sessioni su redis ed attivare cache','1970-01-01','bb5dd250803d1b9981b903ce134d69b7',81,25684,'IceScrum','bb5dd250803d1b9981b903ce134d69b7','','',1.18),
(180,'mettere i servizi che espongono le liste dei clienti da contattare in cache','1970-01-01','bb5dd250803d1b9981b903ce134d69b7',81,25684,'IceScrum','bb5dd250803d1b9981b903ce134d69b7','','',1.18),
(181,'creare job per evictare le cache','1970-01-01','bb5dd250803d1b9981b903ce134d69b7',81,25684,'IceScrum','bb5dd250803d1b9981b903ce134d69b7','','',1.18),
(182,'spostare i cronJpb su JobServices','1970-01-01','bb5dd250803d1b9981b903ce134d69b7',81,25684,'IceScrum','a6ca6e31be8f3cbd9e41e2e10544a370','','',1.18),
(183,'aggiornare la feature Redis con gli ultimi sviluppi di develop','1970-01-01','bb5dd250803d1b9981b903ce134d69b7',81,25684,'IceScrum','a6ca6e31be8f3cbd9e41e2e10544a370','','',1.18),
(184,'mettere in test applicazione BE','1970-01-01','bb5dd250803d1b9981b903ce134d69b7',81,25684,'IceScrum','a6ca6e31be8f3cbd9e41e2e10544a370','','',1.18),
(185,'Creare istanza di elastic cache su aws','1970-01-01','bb5dd250803d1b9981b903ce134d69b7',81,25684,'IceScrum','c998cfef06ededb6d756917ab99cd678','','',1.18),
(186,'creare ambiente di test su aws','1970-01-01','bb5dd250803d1b9981b903ce134d69b7',81,25684,'IceScrum','c998cfef06ededb6d756917ab99cd678','','',1.18),
(187,'Fare Test su ambiente aws','1970-01-01','bb5dd250803d1b9981b903ce134d69b7',81,25684,'IceScrum','c998cfef06ededb6d756917ab99cd678','','',1.18),
(188,'verificare esistenza delle api OTRS','1970-01-01','b2494eec2bafe75a4c58af2c1887f6a0',54,NULL,'IceScrum','b2494eec2bafe75a4c58af2c1887f6a0','[analysis]','',NULL),
(189,'ottimizzazione peso immagine di background','1970-01-01','b2494eec2bafe75a4c58af2c1887f6a0',NULL,25684,'IceScrum','b2494eec2bafe75a4c58af2c1887f6a0','','',NULL),
(190,'Fix Samsung Napoli','1970-01-01','c998cfef06ededb6d756917ab99cd678',NULL,25684,'IceScrum','c998cfef06ededb6d756917ab99cd678','','',NULL),
(191,'Integrazione con Hexnode: data di ultima accensione','1970-01-01','c998cfef06ededb6d756917ab99cd678',NULL,25684,'IceScrum','bec7451b2d31617085eeb9a44c612565','','',NULL),
(192,'Unit test BE','1970-01-01','c998cfef06ededb6d756917ab99cd678',88,NULL,'IceScrum','','','',NULL),
(193,'Unit test FE','1970-01-01','c998cfef06ededb6d756917ab99cd678',88,NULL,'IceScrum','','','',NULL),
(195,'bugfix entra esci operatore->manager->operatore','1970-01-01','b2494eec2bafe75a4c58af2c1887f6a0',NULL,25684,'IceScrum','b2494eec2bafe75a4c58af2c1887f6a0','','',NULL),
(196,'Utenti spesso vengono buttati fuori dopo chiusura di una call o a seguita della scelta desk','1970-01-01','c998cfef06ededb6d756917ab99cd678',NULL,25684,'IceScrum','c998cfef06ededb6d756917ab99cd678','','',NULL),
(198,'implementazione BE','1970-01-01','c998cfef06ededb6d756917ab99cd678',92,NULL,'IceScrum','','','',NULL),
(200,'Paginatore clienti in attesa','1970-01-01','15d202d5d36daea2f40c5c7b2ac3f24d',NULL,25684,'IceScrum','15d202d5d36daea2f40c5c7b2ac3f24d','','',NULL),
(202,'FE - Realizzazione grafica pagine flusso QR code','1970-01-01','15d202d5d36daea2f40c5c7b2ac3f24d',65,25684,'IceScrum','15d202d5d36daea2f40c5c7b2ac3f24d','','',2.60),
(203,'Sganciare appuntamenti dal desk','1970-01-01','c998cfef06ededb6d756917ab99cd678',91,25684,'IceScrum','bec7451b2d31617085eeb9a44c612565','[#BackEnd]','BE',0.33),
(204,'Gli appuntamenti devono essere riassegnabili','1970-01-01','c998cfef06ededb6d756917ab99cd678',91,25684,'IceScrum','c998cfef06ededb6d756917ab99cd678','[#BackEnd]','BE',0.33),
(205,'Creazione del bottone','1970-01-01','c998cfef06ededb6d756917ab99cd678',91,25684,'IceScrum','15d202d5d36daea2f40c5c7b2ac3f24d','[#frontend]','FE',0.33),
(207,'DatePicker migliorato','1970-01-01','c998cfef06ededb6d756917ab99cd678',17,27466,'IceScrum','15d202d5d36daea2f40c5c7b2ac3f24d','[#ui, #ux]','',1.00),
(210,'Implementazione BE','1970-01-01','c998cfef06ededb6d756917ab99cd678',65,25684,'IceScrum','a6ca6e31be8f3cbd9e41e2e10544a370','','',2.60),
(211,'Gestione bandierina','1970-01-01','c998cfef06ededb6d756917ab99cd678',83,25684,'IceScrum','b2494eec2bafe75a4c58af2c1887f6a0','','',0.50),
(212,'Gestione bandierina','1970-01-01','c998cfef06ededb6d756917ab99cd678',84,25684,'IceScrum','b2494eec2bafe75a4c58af2c1887f6a0','','',0.50),
(213,'NRT su PROD','1970-01-01','c998cfef06ededb6d756917ab99cd678',83,25684,'IceScrum','b2494eec2bafe75a4c58af2c1887f6a0','','',0.50),
(214,'NRT su PROD','1970-01-01','c998cfef06ededb6d756917ab99cd678',84,25684,'IceScrum','b2494eec2bafe75a4c58af2c1887f6a0','','',0.50),
(215,'Cambio agent id da errore','1970-01-01','c998cfef06ededb6d756917ab99cd678',NULL,26053,'IceScrum','b2494eec2bafe75a4c58af2c1887f6a0','','',NULL),
(216,'schermata cambio password si visualizza la password in chiaro','1970-01-01','b2494eec2bafe75a4c58af2c1887f6a0',NULL,25684,'IceScrum','b2494eec2bafe75a4c58af2c1887f6a0','','',NULL),
(217,'Clienti in attesa: Filter by PUP','1970-01-01','c998cfef06ededb6d756917ab99cd678',NULL,25684,'IceScrum','b2494eec2bafe75a4c58af2c1887f6a0','','',NULL),
(218,'Attività FE','1970-01-01','c998cfef06ededb6d756917ab99cd678',94,NULL,'IceScrum','','[#frontend]','FE',NULL),
(219,'Attività BE','1970-01-01','c998cfef06ededb6d756917ab99cd678',94,NULL,'IceScrum','','[#BackEnd]','BE',NULL),
(220,'Realizzazione UX/UI','1970-01-01','c998cfef06ededb6d756917ab99cd678',65,25684,'IceScrum','c998cfef06ededb6d756917ab99cd678','','',2.60),
(221,'FE - Agganciare chiamate BE','1970-01-01','15d202d5d36daea2f40c5c7b2ac3f24d',65,25684,'IceScrum','15d202d5d36daea2f40c5c7b2ac3f24d','','',2.60),
(222,'La modifica appuntamento da lista preprint dall\'agenda da un errore su DB','1970-01-01','c998cfef06ededb6d756917ab99cd678',NULL,26053,'IceScrum','a6ca6e31be8f3cbd9e41e2e10544a370','','',NULL),
(223,'Aggiornamento mail DE','1970-01-01','c998cfef06ededb6d756917ab99cd678',NULL,26053,'IceScrum','a6ca6e31be8f3cbd9e41e2e10544a370','','',NULL),
(224,'Contatore clienti in attesa a 0 alla prima navigazione','1970-01-01','c998cfef06ededb6d756917ab99cd678',NULL,26053,'IceScrum','15d202d5d36daea2f40c5c7b2ac3f24d','','',NULL),
(225,'FE - Gestione opzione all per select service room','1970-01-01','15d202d5d36daea2f40c5c7b2ac3f24d',95,26053,'IceScrum','15d202d5d36daea2f40c5c7b2ac3f24d','','',0.50),
(226,'FE - Gestione cambio phone prefix al cambio lingua','1970-01-01','15d202d5d36daea2f40c5c7b2ac3f24d',65,25684,'IceScrum','15d202d5d36daea2f40c5c7b2ac3f24d','','',2.60),
(227,'BE - Tutte service room per api/statistical/dailyStatstics?serviceRoomId=','1970-01-01','15d202d5d36daea2f40c5c7b2ac3f24d',95,26053,'IceScrum','c998cfef06ededb6d756917ab99cd678','','',0.50),
(228,'BE - Tutte service room per desks/search/findByServiceRoomId?serviceRoomId=','1970-01-01','15d202d5d36daea2f40c5c7b2ac3f24d',95,26053,'IceScrum','a6ca6e31be8f3cbd9e41e2e10544a370','','',0.50),
(229,'Multi brand','1970-01-01','c998cfef06ededb6d756917ab99cd678',97,26053,'IceScrum','b2494eec2bafe75a4c58af2c1887f6a0','','',0.36),
(230,'QR code generato per codice PUP e brand','1970-01-01','c998cfef06ededb6d756917ab99cd678',97,26053,'IceScrum','a6ca6e31be8f3cbd9e41e2e10544a370','','',0.36),
(231,'Info point su Reservation number','1970-01-01','c998cfef06ededb6d756917ab99cd678',97,26053,'IceScrum','b2494eec2bafe75a4c58af2c1887f6a0','','',0.36),
(232,'ERRORE: Presente immagine budget al posto di avis nella dashboard del manager','1970-01-01','c998cfef06ededb6d756917ab99cd678',NULL,26053,'IceScrum','15d202d5d36daea2f40c5c7b2ac3f24d','','',NULL),
(233,'Nell\'import preprint, rimuovere l\'hyphen','1970-01-01','c998cfef06ededb6d756917ab99cd678',98,26053,'IceScrum','a6ca6e31be8f3cbd9e41e2e10544a370','[#BackEnd]','BE',1.50),
(234,'creare validatori all\'inserimento del numero di telefono su tutte le interfacce dello SCO','1970-01-01','c998cfef06ededb6d756917ab99cd678',98,26053,'IceScrum','15d202d5d36daea2f40c5c7b2ac3f24d','[#frontend]','FE',1.50),
(235,'FE - Cambio nomi routes','1970-01-01','15d202d5d36daea2f40c5c7b2ac3f24d',96,26053,'IceScrum','15d202d5d36daea2f40c5c7b2ac3f24d','','',1.00),
(236,'FE - Verifica contatori toolbar','1970-01-01','15d202d5d36daea2f40c5c7b2ac3f24d',67,26053,'IceScrum','15d202d5d36daea2f40c5c7b2ac3f24d','','',0.50),
(237,'FE - BUG: al refresh contatori non visibili','1970-01-01','15d202d5d36daea2f40c5c7b2ac3f24d',67,26053,'IceScrum','15d202d5d36daea2f40c5c7b2ac3f24d','','',0.50),
(238,'Fix update Operatore','1970-01-01','a6ca6e31be8f3cbd9e41e2e10544a370',NULL,26053,'IceScrum','a6ca6e31be8f3cbd9e41e2e10544a370','','',NULL),
(239,'Lato BE utilizzare PUP per inserimento appuntamento','1970-01-01','c998cfef06ededb6d756917ab99cd678',97,26053,'IceScrum','a6ca6e31be8f3cbd9e41e2e10544a370','','',0.36),
(240,'Lato FE: generare QR code nell\'interfaccia macchinina tramite button','1970-01-01','c998cfef06ededb6d756917ab99cd678',97,26053,'IceScrum','b2494eec2bafe75a4c58af2c1887f6a0','','',0.36),
(242,'Bugfix Cambio lingua','1970-01-01','c998cfef06ededb6d756917ab99cd678',97,26053,'IceScrum','b2494eec2bafe75a4c58af2c1887f6a0','','',0.36),
(243,'Inserimento in email di conferma il reservation number','1970-01-01','c998cfef06ededb6d756917ab99cd678',97,26053,'IceScrum','a6ca6e31be8f3cbd9e41e2e10544a370','','',0.36),
(244,'BE - Fix recupero statistiche per service room (\'Tutte\')','1970-01-01','a6ca6e31be8f3cbd9e41e2e10544a370',95,26053,'IceScrum','a6ca6e31be8f3cbd9e41e2e10544a370','','',0.50),
(245,'UX/UI, come inserire l\'informazione','1970-01-01','c998cfef06ededb6d756917ab99cd678',101,26810,'IceScrum','9d95fae1d5663cc00a916c83b21e2e33','[#ui, #ux]','',0.50),
(246,'Implementazione FE','1970-01-01','c998cfef06ededb6d756917ab99cd678',101,26810,'IceScrum','b2494eec2bafe75a4c58af2c1887f6a0','','',0.50),
(249,'Export convenzioni attualmente in ita, da convertire in eng','1970-01-01','c998cfef06ededb6d756917ab99cd678',NULL,26053,'IceScrum','a6ca6e31be8f3cbd9e41e2e10544a370','','',NULL),
(250,'FE - Aggiunta icone in schermata agenda operatore','1970-01-01','15d202d5d36daea2f40c5c7b2ac3f24d',16,26810,'IceScrum','b2494eec2bafe75a4c58af2c1887f6a0','[#frontend]','FE',0.56),
(251,'BE - creazione logica salvataggio del canale di provenienza','1970-01-01','b2494eec2bafe75a4c58af2c1887f6a0',16,26810,'IceScrum','a6ca6e31be8f3cbd9e41e2e10544a370','','',0.56),
(252,'FE QRCODE- aggiungere parametro channel','1970-01-01','b2494eec2bafe75a4c58af2c1887f6a0',16,26810,'IceScrum','b2494eec2bafe75a4c58af2c1887f6a0','','',0.56),
(253,'BE - Cron per delete dei book appointment più vecchi di una certa ora','1970-01-01','a6ca6e31be8f3cbd9e41e2e10544a370',97,26053,'IceScrum','a6ca6e31be8f3cbd9e41e2e10544a370','','',0.36),
(254,'Multi country','1970-01-01','c998cfef06ededb6d756917ab99cd678',97,26053,'IceScrum','b2494eec2bafe75a4c58af2c1887f6a0','','',0.36),
(256,'I completati da preprint non vengono mostrati nel calendar, ne dalla dashboard dei managers','1970-01-01','c998cfef06ededb6d756917ab99cd678',NULL,26053,'IceScrum','a6ca6e31be8f3cbd9e41e2e10544a370','','',NULL),
(257,'Eliminare il secondo PUP Venezia Apt','1970-01-01','c998cfef06ededb6d756917ab99cd678',NULL,26053,'IceScrum','b2494eec2bafe75a4c58af2c1887f6a0','','',NULL),
(258,'FE SmartCheckout- aggiungere parametro channel','1970-01-01','b2494eec2bafe75a4c58af2c1887f6a0',16,26810,'IceScrum','b2494eec2bafe75a4c58af2c1887f6a0','','',0.56),
(259,'FE App-totem- aggiungere parametro channel','1970-01-01','b2494eec2bafe75a4c58af2c1887f6a0',16,26810,'IceScrum','b2494eec2bafe75a4c58af2c1887f6a0','[#frontend]','FE',0.56),
(260,'FE URL_INTEGRATION- aggiungere parametro channel','1970-01-01','b2494eec2bafe75a4c58af2c1887f6a0',16,26810,'IceScrum','b2494eec2bafe75a4c58af2c1887f6a0','[#frontend]','FE',0.56),
(261,'Reservation number non è automaticamente generato','1970-01-01','c998cfef06ededb6d756917ab99cd678',97,26053,'IceScrum','a6ca6e31be8f3cbd9e41e2e10544a370','','',0.36),
(262,'FE - Fake PUP per Iberia dev\'essere bianco','1970-01-01','c998cfef06ededb6d756917ab99cd678',97,26053,'IceScrum','b2494eec2bafe75a4c58af2c1887f6a0','[#frontend]','FE',0.36),
(263,'Operator tried to recall... da fixare','1970-01-01','c998cfef06ededb6d756917ab99cd678',97,26053,'IceScrum','b2494eec2bafe75a4c58af2c1887f6a0','[#BackEnd, #frontend]','FE + BE',0.36),
(264,'Integrazione con Hexnode: data di ultima accensione','1970-01-01','c998cfef06ededb6d756917ab99cd678',NULL,26810,'IceScrum','a6ca6e31be8f3cbd9e41e2e10544a370','[#BackEnd]','BE',NULL),
(266,'Eliminare reservation number da email di conferma','1970-01-01','a6ca6e31be8f3cbd9e41e2e10544a370',97,26053,'IceScrum','a6ca6e31be8f3cbd9e41e2e10544a370','[#BackEnd]','BE',0.36),
(267,'BE - Fake PUP per Iberia','1970-01-01','b2494eec2bafe75a4c58af2c1887f6a0',97,26053,'IceScrum','a6ca6e31be8f3cbd9e41e2e10544a370','[#BackEnd]','BE',0.36),
(268,'Sviluppo per integrazione','1970-01-01','c998cfef06ededb6d756917ab99cd678',17,27466,'IceScrum','15d202d5d36daea2f40c5c7b2ac3f24d','[#frontend]','FE',1.00),
(269,'Elaborazione UX/UI','1970-01-01','c998cfef06ededb6d756917ab99cd678',105,27466,'IceScrum','9d95fae1d5663cc00a916c83b21e2e33','[#ui, #ux]','',1.50),
(270,'Integrazione su SCO','1970-01-01','c998cfef06ededb6d756917ab99cd678',105,27466,'IceScrum','15d202d5d36daea2f40c5c7b2ac3f24d','[#frontend]','FE',1.50),
(271,'Elaborazione UX/UI','1970-01-01','c998cfef06ededb6d756917ab99cd678',106,27466,'IceScrum','9d95fae1d5663cc00a916c83b21e2e33','[#ui, #ux]','',1.50),
(272,'Integrazione SCO','1970-01-01','c998cfef06ededb6d756917ab99cd678',106,27466,'IceScrum','b2494eec2bafe75a4c58af2c1887f6a0','[#frontend]','FE',1.50),
(273,'Implementazione UX/UI','1970-01-01','c998cfef06ededb6d756917ab99cd678',107,27466,'IceScrum','9d95fae1d5663cc00a916c83b21e2e33','[#ux, #ui]','',1.50),
(274,'Integrazione SCO','1970-01-01','c998cfef06ededb6d756917ab99cd678',107,27466,'IceScrum','15d202d5d36daea2f40c5c7b2ac3f24d','[#frontend]','FE',1.50),
(275,'Realizzazione UX UI','1970-01-01','c998cfef06ededb6d756917ab99cd678',108,27466,'IceScrum','9d95fae1d5663cc00a916c83b21e2e33','[#ux, #ui]','',1.50),
(276,'Integrazione SCO','1970-01-01','c998cfef06ededb6d756917ab99cd678',108,27466,'IceScrum','15d202d5d36daea2f40c5c7b2ac3f24d','[#frontend]','FE',1.50),
(277,'Rifacimento UX/UI','1970-01-01','c998cfef06ededb6d756917ab99cd678',109,27466,'IceScrum','9d95fae1d5663cc00a916c83b21e2e33','[#ux, #ui]','',1.50),
(278,'Integrazione SCO','1970-01-01','c998cfef06ededb6d756917ab99cd678',109,27466,'IceScrum','15d202d5d36daea2f40c5c7b2ac3f24d','[#frontend]','FE',1.50),
(279,'Rifacimento UX/UI','1970-01-01','c998cfef06ededb6d756917ab99cd678',110,27466,'IceScrum','9d95fae1d5663cc00a916c83b21e2e33','[#ux, #ui]','',1.50),
(280,'Integrazione SCO','1970-01-01','c998cfef06ededb6d756917ab99cd678',110,27466,'IceScrum','15d202d5d36daea2f40c5c7b2ac3f24d','[#frontend]','FE',1.50),
(281,'FE - sezione device disabilitare mappa in caso di lat-long mancanti','1970-01-01','b2494eec2bafe75a4c58af2c1887f6a0',NULL,26810,'IceScrum','b2494eec2bafe75a4c58af2c1887f6a0','[#frontend]','FE',NULL),
(282,'L\'export dei completati non considera \"DONE\" i preprint completati','1970-01-01','a6ca6e31be8f3cbd9e41e2e10544a370',NULL,26053,'IceScrum','a6ca6e31be8f3cbd9e41e2e10544a370','[#BackEnd]','BE',NULL),
(283,'I Preprint completati non hanno appointment date, questo determina dati errati in alcuni servizi','1970-01-01','a6ca6e31be8f3cbd9e41e2e10544a370',NULL,26053,'IceScrum','a6ca6e31be8f3cbd9e41e2e10544a370','[#BackEnd]','BE',NULL),
(284,'Implementazione file export','1970-01-01','c998cfef06ededb6d756917ab99cd678',99,26810,'IceScrum','a6ca6e31be8f3cbd9e41e2e10544a370','[#BackEnd]','BE',0.50),
(285,'Implementazione icona + contatore','1970-01-01','c998cfef06ededb6d756917ab99cd678',99,26810,'IceScrum','b2494eec2bafe75a4c58af2c1887f6a0','[#BackEnd, #frontend]','FE + BE',0.50),
(286,'Creazioni campi \"Note di annullamento\" e \"Reasons\"','1970-01-01','c998cfef06ededb6d756917ab99cd678',99,26810,'IceScrum','a6ca6e31be8f3cbd9e41e2e10544a370','[#BackEnd]','BE',0.50),
(287,'Servizio di scrittura sui campi nuovi','1970-01-01','c998cfef06ededb6d756917ab99cd678',99,26810,'IceScrum','a6ca6e31be8f3cbd9e41e2e10544a370','[#BackEnd, #frontend]','FE + BE',0.50),
(288,'Stato \"Annullato\" sul filtro \"Stato\"','1970-01-01','c998cfef06ededb6d756917ab99cd678',99,26810,'IceScrum','b2494eec2bafe75a4c58af2c1887f6a0','','',0.50),
(289,'Elaborazione lista degli appuntamenti annullati con il seguente tracciato','1970-01-01','c998cfef06ededb6d756917ab99cd678',99,26810,'IceScrum','b2494eec2bafe75a4c58af2c1887f6a0','[#BackEnd, #frontend]','FE + BE',0.50),
(290,'Layer del dettaglio dell\'appuntamento','1970-01-01','c998cfef06ededb6d756917ab99cd678',99,26810,'IceScrum','b2494eec2bafe75a4c58af2c1887f6a0','[#frontend]','FE',0.50),
(292,'aggiungere prefisso chiamata da tablet','1970-01-01','b2494eec2bafe75a4c58af2c1887f6a0',NULL,26810,'IceScrum','b2494eec2bafe75a4c58af2c1887f6a0','[iberia, #frontend]','FE',NULL),
(293,'QRCode, non sovrascrivere PUP se reservation contiene già un PUP','1970-01-01','c998cfef06ededb6d756917ab99cd678',NULL,26810,'IceScrum','a6ca6e31be8f3cbd9e41e2e10544a370','[#BackEnd]','BE',NULL),
(295,'Aggiornare appointment date sugli appuntamenti annullati laddove l\'appointment date non esiste','1970-01-01','c998cfef06ededb6d756917ab99cd678',NULL,26810,'IceScrum','a6ca6e31be8f3cbd9e41e2e10544a370','[#BackEnd]','BE',NULL),
(297,'aggiunta select motivazione e campo note in fase di annullamento','1970-01-01','b2494eec2bafe75a4c58af2c1887f6a0',99,26810,'IceScrum','b2494eec2bafe75a4c58af2c1887f6a0','[#frontend]','FE',0.50),
(298,'verificare da app/tablet','1970-01-01','b2494eec2bafe75a4c58af2c1887f6a0',111,27466,'IceScrum','c998cfef06ededb6d756917ab99cd678','[#frontend]','FE',0.25),
(299,'Pup detail: il filtro \"Incompleti\" mostra gli appuntamenti annullati','1970-01-01','c998cfef06ededb6d756917ab99cd678',NULL,26810,'IceScrum','b2494eec2bafe75a4c58af2c1887f6a0','','',NULL),
(300,'Elaborazione UX/UI per la nuova grafica','1970-01-01','c998cfef06ededb6d756917ab99cd678',99,26810,'IceScrum','9d95fae1d5663cc00a916c83b21e2e33','[#ui, #ux]','',0.50),
(301,'Elaborazione su nuova UX/UI','1970-01-01','c998cfef06ededb6d756917ab99cd678',16,26810,'IceScrum','9d95fae1d5663cc00a916c83b21e2e33','[#ui, #ux]','',0.56),
(302,'Mostrare i dati dell\'utente anche negli altri appuntamenti degli altri \"stati\"','1970-01-01','c998cfef06ededb6d756917ab99cd678',99,26810,'IceScrum','b2494eec2bafe75a4c58af2c1887f6a0','','',0.50),
(304,'posizioni totem errate - 2 email di TEO','1970-01-01','b2494eec2bafe75a4c58af2c1887f6a0',NULL,26810,'IceScrum','b2494eec2bafe75a4c58af2c1887f6a0','[#db]','',NULL),
(305,'QR Code aggiungere parametro channel','1970-01-01','c998cfef06ededb6d756917ab99cd678',16,26810,'IceScrum','b2494eec2bafe75a4c58af2c1887f6a0','[#frontend]','FE',0.56),
(306,'Data Entry operatore aggiungere parametro channel','1970-01-01','c998cfef06ededb6d756917ab99cd678',16,26810,'IceScrum','b2494eec2bafe75a4c58af2c1887f6a0','','',0.56),
(307,'Configurazione totem','1970-01-01','c998cfef06ededb6d756917ab99cd678',NULL,26810,'IceScrum','c998cfef06ededb6d756917ab99cd678','','',NULL),
(308,'Realizzazione nuova interfaccia raggiungibile da menù','1970-01-01','c998cfef06ededb6d756917ab99cd678',113,26810,'IceScrum','b2494eec2bafe75a4c58af2c1887f6a0','[#frontend]','FE',0.33),
(309,'Filtro date','1970-01-01','c998cfef06ededb6d756917ab99cd678',113,26810,'IceScrum','a6ca6e31be8f3cbd9e41e2e10544a370','[#frontend, #BackEnd]','FE + BE',0.33),
(310,'Implementazione file export','1970-01-01','a6ca6e31be8f3cbd9e41e2e10544a370',113,26810,'IceScrum','a6ca6e31be8f3cbd9e41e2e10544a370','[#BackEnd]','BE',0.33),
(311,'Utilizzare la cache per il calendar','1970-01-01','a6ca6e31be8f3cbd9e41e2e10544a370',NULL,26810,'IceScrum','a6ca6e31be8f3cbd9e41e2e10544a370','[#BackEnd]','BE',NULL),
(312,'Visibilità solo ad utenze Admin','1970-01-01','c998cfef06ededb6d756917ab99cd678',47,27466,'IceScrum','b2494eec2bafe75a4c58af2c1887f6a0','','',0.62),
(313,'creare voce di menù per accedere alla sezione','1970-01-01','c998cfef06ededb6d756917ab99cd678',47,27466,'IceScrum','b2494eec2bafe75a4c58af2c1887f6a0','','',0.62),
(314,'Chiamta dal calendar da cancellare api/schedules/search/findByStatusOrderByChangeStatus','1970-01-01','c998cfef06ededb6d756917ab99cd678',NULL,26810,'IceScrum','b2494eec2bafe75a4c58af2c1887f6a0','','',NULL),
(315,'Autosize colonne degli export','1970-01-01','a6ca6e31be8f3cbd9e41e2e10544a370',NULL,26810,'IceScrum','a6ca6e31be8f3cbd9e41e2e10544a370','[#BackEnd]','BE',NULL),
(316,'Refactor update campi device da hexnode','1970-01-01','a6ca6e31be8f3cbd9e41e2e10544a370',NULL,26810,'IceScrum','a6ca6e31be8f3cbd9e41e2e10544a370','[#BackEnd]','BE',NULL),
(317,'Utilizzare la cache per la dashboard \"GetDeskActivity\"','1970-01-01','a6ca6e31be8f3cbd9e41e2e10544a370',NULL,26810,'IceScrum','a6ca6e31be8f3cbd9e41e2e10544a370','[#BackEnd]','BE',NULL),
(318,'Refactor count prenotazioni (ABG. MAG) su calendar','1970-01-01','a6ca6e31be8f3cbd9e41e2e10544a370',NULL,26810,'IceScrum','a6ca6e31be8f3cbd9e41e2e10544a370','[#frontend, #BackEnd]','FE + BE',NULL),
(319,'Creazione dell\'interfaccia da pagina \"Tablet management\"','1970-01-01','c998cfef06ededb6d756917ab99cd678',116,29628,'IceScrum','b2494eec2bafe75a4c58af2c1887f6a0','[#frontend]','FE',1.67),
(320,'Operazioni di scrittura e modifica su DB','1970-01-01','c998cfef06ededb6d756917ab99cd678',116,29628,'IceScrum','a6ca6e31be8f3cbd9e41e2e10544a370','[#BackEnd]','BE',1.67),
(321,'Sincronizzazione totem su SCO','1970-01-01','c998cfef06ededb6d756917ab99cd678',116,29628,'IceScrum','a6ca6e31be8f3cbd9e41e2e10544a370','[#BackEnd]','BE',1.67),
(322,'Implementazione FE','1970-01-01','c998cfef06ededb6d756917ab99cd678',114,27466,'IceScrum','b2494eec2bafe75a4c58af2c1887f6a0','[#frontend]','FE',1.00),
(323,'Elaborazione UX/UI','1970-01-01','c998cfef06ededb6d756917ab99cd678',117,27466,'IceScrum','9d95fae1d5663cc00a916c83b21e2e33','[#ux, #ui]','',0.33),
(324,'Integrazione SCO','1970-01-01','c998cfef06ededb6d756917ab99cd678',117,27466,'IceScrum','15d202d5d36daea2f40c5c7b2ac3f24d','[#frontend]','FE',0.33),
(325,'Elaborazione Front End','1970-01-01','c998cfef06ededb6d756917ab99cd678',121,27466,'IceScrum','15d202d5d36daea2f40c5c7b2ac3f24d','[#frontend]','FE',1.00),
(326,'Elaborazione del servizio per gerarchia dei ruoli','1970-01-01','c998cfef06ededb6d756917ab99cd678',121,27466,'IceScrum','a6ca6e31be8f3cbd9e41e2e10544a370','[#BackEnd]','BE',1.00),
(327,'Elaborazione UX/UI','1970-01-01','c998cfef06ededb6d756917ab99cd678',118,27466,'IceScrum','9d95fae1d5663cc00a916c83b21e2e33','[#ux, #ui]','',1.30),
(328,'Integrazione FE - Nuovo appuntamento operatore','1970-01-01','c998cfef06ededb6d756917ab99cd678',118,27466,'IceScrum','15d202d5d36daea2f40c5c7b2ac3f24d','[#frontend]','FE',1.30),
(329,'Elaborazione BE','1970-01-01','c998cfef06ededb6d756917ab99cd678',125,27466,'IceScrum','a6ca6e31be8f3cbd9e41e2e10544a370','[#BackEnd]','BE',1.00),
(330,'Inserimento del nuovo campo','1970-01-01','c998cfef06ededb6d756917ab99cd678',126,27466,'IceScrum','b2494eec2bafe75a4c58af2c1887f6a0','[iberia, #frontend]','FE',0.50),
(331,'Inserimento icona eliminazione + chiamata al servizio BE','1970-01-01','c998cfef06ededb6d756917ab99cd678',103,27466,'IceScrum','15d202d5d36daea2f40c5c7b2ac3f24d','[#frontend]','FE',1.00),
(332,'Creazione servizio di Delete','1970-01-01','c998cfef06ededb6d756917ab99cd678',103,27466,'IceScrum','a6ca6e31be8f3cbd9e41e2e10544a370','[#BackEnd]','BE',1.00),
(334,'Analisi','1970-01-01','c998cfef06ededb6d756917ab99cd678',60,NULL,'IceScrum','','[analysis]','',NULL),
(335,'Riadattamento BE','1970-01-01','c998cfef06ededb6d756917ab99cd678',120,NULL,'IceScrum','','[#BackEnd]','BE',NULL),
(336,'Elaborazione FE dei nuovi campi','1970-01-01','c998cfef06ededb6d756917ab99cd678',122,NULL,'IceScrum','','[#frontend]','FE',NULL),
(337,'Adattamento BE per le operazioni di scrittura e modifica','1970-01-01','c998cfef06ededb6d756917ab99cd678',122,NULL,'IceScrum','','[#BackEnd]','BE',NULL),
(338,'Inserimento link con qrystring','1970-01-01','c998cfef06ededb6d756917ab99cd678',123,NULL,'IceScrum','','[#frontend]','FE',NULL),
(339,'Adattamento BE all\'atterraggio della pagina clienti in attesa','1970-01-01','c998cfef06ededb6d756917ab99cd678',123,NULL,'IceScrum','','[#BackEnd]','BE',NULL),
(340,'Creazione filtro \"Prenotati\"/\"Prima possibile\"','1970-01-01','c998cfef06ededb6d756917ab99cd678',124,NULL,'IceScrum','','[#frontend]','FE',NULL),
(341,'Elaborazione BE dei nuovi filtri','1970-01-01','c998cfef06ededb6d756917ab99cd678',124,NULL,'IceScrum','','[#BackEnd]','BE',NULL),
(342,'Inserimento nuovi campi','1970-01-01','c998cfef06ededb6d756917ab99cd678',129,NULL,'IceScrum','','[#frontend]','FE',NULL),
(343,'Adattamento BE','1970-01-01','c998cfef06ededb6d756917ab99cd678',129,NULL,'IceScrum','','[#BackEnd]','BE',NULL),
(344,'Implementazione riga colorata e info point all\'interno del PUP management','1970-01-01','c998cfef06ededb6d756917ab99cd678',130,NULL,'IceScrum','','[#frontend]','FE',NULL),
(345,'Elaborazione bottone \"Alert\" all\'interno di \"Call management\"','1970-01-01','c998cfef06ededb6d756917ab99cd678',130,NULL,'IceScrum','','[#frontend]','FE',NULL),
(346,'Adattamento BE per la scrittura del nuovo stato','1970-01-01','c998cfef06ededb6d756917ab99cd678',130,NULL,'IceScrum','','[#BackEnd]','BE',NULL),
(347,'Elaborazione dump','1970-01-01','c998cfef06ededb6d756917ab99cd678',127,NULL,'IceScrum','','[#BackEnd]','BE',NULL),
(348,'Rimozione righe vecchie','1970-01-01','c998cfef06ededb6d756917ab99cd678',127,NULL,'IceScrum','','[#BackEnd]','BE',NULL),
(349,'Elaborazione BE','1970-01-01','c998cfef06ededb6d756917ab99cd678',112,27466,'IceScrum','a6ca6e31be8f3cbd9e41e2e10544a370','[#BackEnd]','BE',0.67),
(350,'Implementazione modale e infopoint','1970-01-01','c998cfef06ededb6d756917ab99cd678',131,27466,'IceScrum','b2494eec2bafe75a4c58af2c1887f6a0','[#frontend]','FE',1.00),
(351,'Aggiornamento dizionario','1970-01-01','c998cfef06ededb6d756917ab99cd678',131,27466,'IceScrum','b2494eec2bafe75a4c58af2c1887f6a0','[#frontend]','FE',1.00),
(352,'Implementazione modale di errore','1970-01-01','c998cfef06ededb6d756917ab99cd678',132,27466,'IceScrum','b2494eec2bafe75a4c58af2c1887f6a0','[#frontend]','FE',0.50),
(353,'Aggiornamento dizionario','1970-01-01','c998cfef06ededb6d756917ab99cd678',132,27466,'IceScrum','b2494eec2bafe75a4c58af2c1887f6a0','[#frontend]','FE',0.50),
(354,'Modifica del controller a backend','1970-01-01','c998cfef06ededb6d756917ab99cd678',133,27466,'IceScrum','a6ca6e31be8f3cbd9e41e2e10544a370','[#BackEnd]','BE',0.50),
(355,'Eliminazione link sul poster del QR Code','1970-01-01','c998cfef06ededb6d756917ab99cd678',NULL,26811,'IceScrum','b2494eec2bafe75a4c58af2c1887f6a0','','',NULL),
(356,'Modifica chiamata recupero dettaglio chiamate','1970-01-01','15d202d5d36daea2f40c5c7b2ac3f24d',NULL,26811,'IceScrum','a6ca6e31be8f3cbd9e41e2e10544a370','[#BackEnd]','BE',NULL),
(357,'Attività di modifica del DB','1970-01-01','c998cfef06ededb6d756917ab99cd678',134,27466,'IceScrum','a6ca6e31be8f3cbd9e41e2e10544a370','[#BackEnd]','BE',1.00),
(358,'Cambio metodologia di pescaggio informazioni','1970-01-01','c998cfef06ededb6d756917ab99cd678',134,27466,'IceScrum','a6ca6e31be8f3cbd9e41e2e10544a370','[#BackEnd]','BE',1.00),
(359,'Attività di BE','1970-01-01','c998cfef06ededb6d756917ab99cd678',4,29628,'IceScrum','','[#BackEnd]','BE',3.00),
(360,'Inserimento campo reservation puri','1970-01-01','c998cfef06ededb6d756917ab99cd678',133,27466,'IceScrum','a6ca6e31be8f3cbd9e41e2e10544a370','[#BackEnd]','BE',0.50),
(361,'QR CODE: disabilitare il blocco sulla reservation number per mercato IT','1970-01-01','c998cfef06ededb6d756917ab99cd678',NULL,26811,'IceScrum','b2494eec2bafe75a4c58af2c1887f6a0','','',NULL),
(362,'Implementazione servizi','1970-01-01','c998cfef06ededb6d756917ab99cd678',47,27466,'IceScrum','a6ca6e31be8f3cbd9e41e2e10544a370','[#BackEnd]','BE',0.62),
(363,'Elaborazione dell\'interfaccia','1970-01-01','c998cfef06ededb6d756917ab99cd678',47,27466,'IceScrum','b2494eec2bafe75a4c58af2c1887f6a0','[#frontend]','FE',0.62),
(364,'Elaborazione BE','1970-01-01','a6ca6e31be8f3cbd9e41e2e10544a370',128,27466,'IceScrum','a6ca6e31be8f3cbd9e41e2e10544a370','[#BackEnd]','BE',1.00),
(365,'impostare timer a 15 min','1970-01-01','b2494eec2bafe75a4c58af2c1887f6a0',111,27466,'IceScrum','b2494eec2bafe75a4c58af2c1887f6a0','','',0.25),
(366,'Pulizia codice','1970-01-01','c998cfef06ededb6d756917ab99cd678',58,27466,'IceScrum','a6ca6e31be8f3cbd9e41e2e10544a370','[#BackEnd]','BE',1.00),
(367,'BE - lista pup','1970-01-01','b2494eec2bafe75a4c58af2c1887f6a0',126,27466,'IceScrum','a6ca6e31be8f3cbd9e41e2e10544a370','[#BackEnd]','BE',0.50),
(368,'cambio endpoint','1970-01-01','b2494eec2bafe75a4c58af2c1887f6a0',134,27466,'IceScrum','b2494eec2bafe75a4c58af2c1887f6a0','[#frontend]','FE',1.00),
(369,'URLintegration - errore data e ora al cambio paese internazionalizzazione','1970-01-01','b2494eec2bafe75a4c58af2c1887f6a0',NULL,26811,'IceScrum','b2494eec2bafe75a4c58af2c1887f6a0','[#frontend]','FE',NULL),
(370,'Integrazione FE - Sezione users','1970-01-01','15d202d5d36daea2f40c5c7b2ac3f24d',118,27466,'IceScrum','15d202d5d36daea2f40c5c7b2ac3f24d','[#frontend]','FE',1.30),
(371,'Integrazione FE - Sezione signature','1970-01-01','15d202d5d36daea2f40c5c7b2ac3f24d',118,27466,'IceScrum','15d202d5d36daea2f40c5c7b2ac3f24d','[#frontend]','FE',1.30),
(372,'Integrazione FE - Sezione calendar','1970-01-01','15d202d5d36daea2f40c5c7b2ac3f24d',118,27466,'IceScrum','15d202d5d36daea2f40c5c7b2ac3f24d','[#frontend]','FE',1.30),
(373,'Integrazione FE - Sezione export','1970-01-01','15d202d5d36daea2f40c5c7b2ac3f24d',118,27466,'IceScrum','15d202d5d36daea2f40c5c7b2ac3f24d','[#frontend]','FE',1.30),
(374,'Integrazione FE - Sezione conventions','1970-01-01','15d202d5d36daea2f40c5c7b2ac3f24d',118,27466,'IceScrum','15d202d5d36daea2f40c5c7b2ac3f24d','[#frontend]','FE',1.30),
(375,'Integrazione FE - Sezione Check scheduled calls','1970-01-01','15d202d5d36daea2f40c5c7b2ac3f24d',118,27466,'IceScrum','15d202d5d36daea2f40c5c7b2ac3f24d','[#frontend]','FE',1.30),
(376,'Integrazione FE - Sezione pup management','1970-01-01','15d202d5d36daea2f40c5c7b2ac3f24d',118,27466,'IceScrum','15d202d5d36daea2f40c5c7b2ac3f24d','[#frontend]','FE',1.30),
(377,'Rifacimento login','1970-01-01','15d202d5d36daea2f40c5c7b2ac3f24d',118,27466,'IceScrum','15d202d5d36daea2f40c5c7b2ac3f24d','[#frontend]','FE',1.30),
(378,'Mettere in cache i contatori sulla toolbar','1970-01-01','c998cfef06ededb6d756917ab99cd678',NULL,27466,'IceScrum','a6ca6e31be8f3cbd9e41e2e10544a370','[#BackEnd]','BE',NULL),
(379,'tracciare la chiamata effettiva non solo l\'apertura del dettaglio','1970-01-01','c998cfef06ededb6d756917ab99cd678',NULL,26811,'IceScrum','b2494eec2bafe75a4c58af2c1887f6a0','[#frontend]','FE',NULL),
(380,'se non sei loggato esplode tutto - implementazione guard','1970-01-01','b2494eec2bafe75a4c58af2c1887f6a0',NULL,27466,'IceScrum','15d202d5d36daea2f40c5c7b2ac3f24d','[#frontend]','FE',NULL),
(381,'controllo campi mancanti dizionario DE','1970-01-01','b2494eec2bafe75a4c58af2c1887f6a0',NULL,26811,'IceScrum','b2494eec2bafe75a4c58af2c1887f6a0','[#frontend]','FE',NULL),
(382,'Ricerca anche per cognome all\'interno della gestione utenti','1970-01-01','c998cfef06ededb6d756917ab99cd678',NULL,27466,'IceScrum','a6ca6e31be8f3cbd9e41e2e10544a370','[#BackEnd, #frontend]','FE + BE',NULL),
(383,'Inserimento nomi voci menu','1970-01-01','15d202d5d36daea2f40c5c7b2ac3f24d',117,27466,'IceScrum','15d202d5d36daea2f40c5c7b2ac3f24d','','',0.33),
(384,'Elaborazione BE','1970-01-01','c998cfef06ededb6d756917ab99cd678',136,27466,'IceScrum','a6ca6e31be8f3cbd9e41e2e10544a370','[#BackEnd]','BE',0.67),
(385,'impostare timer 15 min','1970-01-01','c998cfef06ededb6d756917ab99cd678',111,27466,'IceScrum','c998cfef06ededb6d756917ab99cd678','[#frontend]','FE',0.25),
(386,'verificare da app/tablet','1970-01-01','c998cfef06ededb6d756917ab99cd678',111,27466,'IceScrum','c998cfef06ededb6d756917ab99cd678','[#frontend]','FE',0.25),
(387,'Nel login, modificare il text del campo riservato all\'agent id','1970-01-01','c998cfef06ededb6d756917ab99cd678',NULL,27466,'IceScrum','15d202d5d36daea2f40c5c7b2ac3f24d','','',NULL),
(388,'Elaborazione UX/UI','1970-01-01','c998cfef06ededb6d756917ab99cd678',138,27762,'IceScrum','9d95fae1d5663cc00a916c83b21e2e33','[#ui, #ux]','',0.50),
(389,'Integrazione FE','1970-01-01','c998cfef06ededb6d756917ab99cd678',138,27762,'IceScrum','b2494eec2bafe75a4c58af2c1887f6a0','[#frontend]','FE',0.50),
(390,'realizzazione FE','1970-01-01','c998cfef06ededb6d756917ab99cd678',139,NULL,'IceScrum','','[#frontend]','FE',NULL),
(391,'Integrazione libreria','1970-01-01','c998cfef06ededb6d756917ab99cd678',140,27466,'IceScrum','b2494eec2bafe75a4c58af2c1887f6a0','[#BackEnd]','BE',0.67),
(392,'Elaborazione UX UI','1970-01-01','c998cfef06ededb6d756917ab99cd678',140,27466,'IceScrum','c998cfef06ededb6d756917ab99cd678','[#ui, #ux]','',0.67),
(393,'Integrazione FE','1970-01-01','c998cfef06ededb6d756917ab99cd678',140,27466,'IceScrum','b2494eec2bafe75a4c58af2c1887f6a0','[#frontend]','FE',0.67),
(394,'Abilitazione cornetta ai manager spagna','1970-01-01','c998cfef06ededb6d756917ab99cd678',NULL,27466,'IceScrum','b2494eec2bafe75a4c58af2c1887f6a0','[#BackEnd, #frontend]','FE + BE',NULL),
(395,'aggiunta icona e metodo per export','1970-01-01','b2494eec2bafe75a4c58af2c1887f6a0',112,27466,'IceScrum','b2494eec2bafe75a4c58af2c1887f6a0','[#frontend]','FE',0.67),
(396,'ennesimo export','1970-01-01','b2494eec2bafe75a4c58af2c1887f6a0',112,27466,'IceScrum','9d95fae1d5663cc00a916c83b21e2e33','[#ux, #ui]','',0.67),
(397,'Servizi CRUD per indirizzo','1970-01-01','c998cfef06ededb6d756917ab99cd678',138,27762,'IceScrum','','[#BackEnd]','BE',0.50),
(398,'Rifattorizzazione chiamate','1970-01-01','c998cfef06ededb6d756917ab99cd678',120,NULL,'IceScrum','','[#frontend]','FE',NULL),
(399,'Info da mandare sulla company effettivamente lavorata','1970-01-01','c998cfef06ededb6d756917ab99cd678',136,27466,'IceScrum','b2494eec2bafe75a4c58af2c1887f6a0','[#frontend]','FE',0.67),
(400,'creazione chiamata per scrittura sul db su quale company l\'utente sta effettivamente lavorando','1970-01-01','c998cfef06ededb6d756917ab99cd678',136,27466,'IceScrum','a6ca6e31be8f3cbd9e41e2e10544a370','[#BackEnd]','BE',0.67),
(401,'Aggiunta campo \"LinkAbsolute\" su MetabaseConfiguration','1970-01-01','a6ca6e31be8f3cbd9e41e2e10544a370',47,27466,'IceScrum','a6ca6e31be8f3cbd9e41e2e10544a370','[#BackEnd]','BE',0.62),
(402,'Enum chiamata effettuata, aggiornata e aggiunta nei dizionari','1970-01-01','c998cfef06ededb6d756917ab99cd678',NULL,27466,'IceScrum','c998cfef06ededb6d756917ab99cd678','','',NULL),
(403,'Email lunga non viene visualizzata nel dettaglio chiamata','1970-01-01','c998cfef06ededb6d756917ab99cd678',NULL,27466,'IceScrum','c998cfef06ededb6d756917ab99cd678','','',NULL),
(404,'Grafiche del fatturato','1970-01-01','c998cfef06ededb6d756917ab99cd678',47,27466,'IceScrum','9d95fae1d5663cc00a916c83b21e2e33','','',0.62),
(405,'Elaborazione BE','1970-01-01','c998cfef06ededb6d756917ab99cd678',100,27466,'IceScrum','a6ca6e31be8f3cbd9e41e2e10544a370','[#BackEnd]','BE',2.00),
(406,'Creazione grafica dell\'interfaccia di login','1970-01-01','c998cfef06ededb6d756917ab99cd678',141,NULL,'IceScrum','','','',NULL),
(407,'Integrazione login lato FE','1970-01-01','c998cfef06ededb6d756917ab99cd678',141,NULL,'IceScrum','','','',NULL),
(408,'Sistema di Login BE','1970-01-01','c998cfef06ededb6d756917ab99cd678',141,NULL,'IceScrum','','','',NULL),
(409,'Creazione grafica dell\'interfaccia preprint','1970-01-01','c998cfef06ededb6d756917ab99cd678',141,NULL,'IceScrum','','','',NULL),
(410,'Integrazione preprint import FE','1970-01-01','c998cfef06ededb6d756917ab99cd678',141,NULL,'IceScrum','','','',NULL),
(411,'Creazione del servizio di import dei preprint','1970-01-01','c998cfef06ededb6d756917ab99cd678',141,NULL,'IceScrum','','','',NULL),
(412,'Implementazione email da inviare','1970-01-01','c998cfef06ededb6d756917ab99cd678',143,27762,'IceScrum','a6ca6e31be8f3cbd9e41e2e10544a370','[#BackEnd]','BE',0.71),
(413,'Creazione Job per invio email settimanale','1970-01-01','c998cfef06ededb6d756917ab99cd678',143,27762,'IceScrum','a6ca6e31be8f3cbd9e41e2e10544a370','[#BackEnd]','BE',0.71),
(414,'Elaborazione del report di dettaglio sugli appuntamenti','1970-01-01','c998cfef06ededb6d756917ab99cd678',143,27762,'IceScrum','a6ca6e31be8f3cbd9e41e2e10544a370','[#BackEnd]','BE',0.71),
(415,'Elaborazione del report di dettaglio sugli agent','1970-01-01','c998cfef06ededb6d756917ab99cd678',143,27762,'IceScrum','a6ca6e31be8f3cbd9e41e2e10544a370','[#BackEnd]','BE',0.71),
(416,'Elaborazione dei report one shot','1970-01-01','c998cfef06ededb6d756917ab99cd678',143,27762,'IceScrum','a6ca6e31be8f3cbd9e41e2e10544a370','[#BackEnd]','BE',0.71),
(417,'Modifica al processo di import preprint','1970-01-01','c998cfef06ededb6d756917ab99cd678',143,27762,'IceScrum','a6ca6e31be8f3cbd9e41e2e10544a370','[#BackEnd]','BE',0.71),
(418,'Implementazione del logout automatico','1970-01-01','c998cfef06ededb6d756917ab99cd678',143,27762,'IceScrum','','[#frontend, #BackEnd]','FE + BE',0.71),
(420,'Abilitare i report solo ai super admin','1970-01-01','c998cfef06ededb6d756917ab99cd678',NULL,27762,'IceScrum','b2494eec2bafe75a4c58af2c1887f6a0','','',NULL),
(421,'servizio aliveLastCheck per appTotem','1970-01-01','b2494eec2bafe75a4c58af2c1887f6a0',NULL,27762,'IceScrum','b2494eec2bafe75a4c58af2c1887f6a0','[#frontend]','FE',NULL),
(422,'modifica spalla destra appointment date in pickDate','1970-01-01','b2494eec2bafe75a4c58af2c1887f6a0',NULL,27762,'IceScrum','b2494eec2bafe75a4c58af2c1887f6a0','','',NULL),
(423,'Scrittura su DB','1970-01-01','c998cfef06ededb6d756917ab99cd678',138,27762,'IceScrum','','[#BackEnd]','BE',0.50);

/*Table structure for table `tickets` */

DROP TABLE IF EXISTS `tickets`;

CREATE TABLE `tickets` (
  `id` int(11) NOT NULL,
  `environment` varchar(50) DEFAULT NULL,
  `summary` varchar(255) DEFAULT NULL,
  `date_submitted` date DEFAULT NULL,
  `reporter` varchar(50) DEFAULT NULL,
  `feature` varchar(50) DEFAULT NULL,
  `value` int(11) DEFAULT NULL,
  `effort` int(11) DEFAULT NULL,
  `sprint_id` int(20) DEFAULT NULL,
  `tags` varchar(255) DEFAULT NULL,
  `impact` varchar(50) DEFAULT NULL,
  PRIMARY KEY (`id`)
) ENGINE=InnoDB DEFAULT CHARSET=utf8mb4;

/*Data for the table `tickets` */

insert  into `tickets`(`id`,`environment`,`summary`,`date_submitted`,`reporter`,`feature`,`value`,`effort`,`sprint_id`,`tags`,`impact`) values 
(1,'IceScrum','Rivisitazione Pagina selezione Brand','2021-03-17','25d96aaf00f13f8a2308852201f3faaf','1',1,1,22819,'[#ui, #ux, #home]',''),
(2,'IceScrum','Adatteamento a tablet Alcatel','2021-03-17','bb5dd250803d1b9981b903ce134d69b7','1',0,1,22819,'',''),
(4,'IceScrum','Eliminare open-vpn e fare un server ipsec con configurazione vpn su hexnode','2021-03-17','bb5dd250803d1b9981b903ce134d69b7','1',4,3,29628,'',''),
(5,'IceScrum','Inserimento Crashlitics/Analitics Firebase o Sentry','2021-03-17','bb5dd250803d1b9981b903ce134d69b7','1',3,5,NULL,'',''),
(6,'IceScrum','Integrazione API SalesForce per inviare i dati della prenotazione','2021-03-17','25d96aaf00f13f8a2308852201f3faaf','2',0,0,NULL,'',''),
(8,'IceScrum','Sbloccare la select del Brand per l\'operatore','2021-03-17','25d96aaf00f13f8a2308852201f3faaf','2',0,0,22819,'',''),
(9,'IceScrum','Crud Service Room','2021-03-17','25d96aaf00f13f8a2308852201f3faaf','2',0,0,NULL,'',''),
(10,'IceScrum','Crud Aree ( da vedere come voglio fare il routing)','2021-03-17','25d96aaf00f13f8a2308852201f3faaf','2',0,0,NULL,'',''),
(11,'IceScrum','Crud Punti Ritiro (con impostazioni del brand)','2021-03-17','25d96aaf00f13f8a2308852201f3faaf','2',0,0,NULL,'',''),
(12,'IceScrum','Create update Operatore','2021-03-17','25d96aaf00f13f8a2308852201f3faaf','2',0,1,22819,'',''),
(13,'IceScrum','Numero contratto in completati di clessidra e punto di ritiro','2021-03-17','25d96aaf00f13f8a2308852201f3faaf','2',0,1,22819,'',''),
(14,'IceScrum','Inserire nel punto di ritiro la lista check in completati','2021-03-17','25d96aaf00f13f8a2308852201f3faaf','2',0,1,22819,'',''),
(15,'IceScrum','Fare un profilo per i terzisti che li fa andare solo sul loro punto di ritiro','2021-03-17','25d96aaf00f13f8a2308852201f3faaf','2',0,0,NULL,'',''),
(16,'IceScrum','Evidenziare i canali da cui vengono le richieste, attraverso un’icona','2021-03-17','25d96aaf00f13f8a2308852201f3faaf','2',4,5,26810,'[#frontend, #BackEnd]','FE + BE'),
(17,'IceScrum','DatePicker migliorato','2021-03-17','25d96aaf00f13f8a2308852201f3faaf','6',3,2,27466,'',''),
(19,'IceScrum','Integrazione sistema di analytics per tenere traccia delle prenotazioni','2021-03-17','25d96aaf00f13f8a2308852201f3faaf','3',0,0,NULL,'',''),
(20,'IceScrum','Integrazione del nuovo flusso per prenotazioni che non arrivano da link Avis','2021-03-17','25d96aaf00f13f8a2308852201f3faaf','3',0,0,NULL,'',''),
(21,'IceScrum','Mandare per maggiore l\'url di prenotazione da israele (parlare con morcellini per dettagliare).','2021-03-17','25d96aaf00f13f8a2308852201f3faaf','3',0,0,NULL,'',''),
(22,'IceScrum','Architettura di sistema','2021-03-17','25d96aaf00f13f8a2308852201f3faaf','4',0,0,NULL,'',''),
(23,'IceScrum','Implementazione Skill per Alexa e Google Home','2021-03-17','25d96aaf00f13f8a2308852201f3faaf','4',0,0,NULL,'',''),
(24,'IceScrum','Inventario Tablet','2021-03-30','bb5dd250803d1b9981b903ce134d69b7','2',0,3,22819,'',''),
(26,'IceScrum','possibilità di esportare appuntamenti in excel','2021-04-14','bb5dd250803d1b9981b903ce134d69b7','2',0,1,22821,'',''),
(28,'IceScrum','Assegnazione Automatica','2021-04-14','25d96aaf00f13f8a2308852201f3faaf','2',1,1,22819,'',''),
(29,'IceScrum','Invio Dati Contratti Completati a sistemi avis','2021-04-22','bb5dd250803d1b9981b903ce134d69b7','2',0,8,22820,'',''),
(30,'IceScrum','creazione logica componente edit-tablet','2021-04-29','c998cfef06ededb6d756917ab99cd678','2',0,8,22822,'',''),
(31,'IceScrum','Gestione della cache client sull\'interfaccia Web','2021-04-30','c998cfef06ededb6d756917ab99cd678','2',0,0,NULL,'[#BackEnd]','BE'),
(32,'IceScrum','Modale ricerca operatori','2021-04-30','c998cfef06ededb6d756917ab99cd678','2',0,5,24820,'',''),
(33,'IceScrum','Implementazione scheda operatore','2021-04-30','c998cfef06ededb6d756917ab99cd678','2',0,1,24820,'',''),
(34,'IceScrum','Implementazione campo lingua operatore','2021-04-30','c998cfef06ededb6d756917ab99cd678','2',3,2,25678,'[#frontend, #BackEnd]','FE + BE'),
(35,'IceScrum','Bugfixing','2021-05-03','c998cfef06ededb6d756917ab99cd678','2',0,2,22820,'',''),
(36,'IceScrum','Gestione 404 in dashboard','2021-05-06','c998cfef06ededb6d756917ab99cd678','2',0,0,22820,'',''),
(37,'IceScrum','Lista appuntamenti da visualizzare 2','2021-05-11','c998cfef06ededb6d756917ab99cd678','2',0,1,22821,'',''),
(38,'IceScrum','Gestione tablet: inserimento','2021-05-11','c998cfef06ededb6d756917ab99cd678','2',0,2,22821,'',''),
(39,'IceScrum','Possibilità di invio richiesta device','2021-05-11','c998cfef06ededb6d756917ab99cd678','2',0,0,NULL,'',''),
(40,'IceScrum','Pannello di configurazione','2021-05-11','c998cfef06ededb6d756917ab99cd678','2',3,8,NULL,'',''),
(41,'IceScrum','Gestione delle label multilingua','2021-05-11','c998cfef06ededb6d756917ab99cd678','2',0,8,22823,'',''),
(42,'IceScrum','Creazione mappa per la posizione','2021-05-12','c998cfef06ededb6d756917ab99cd678','2',0,5,25678,'[#BackEnd, #frontend]','FE + BE'),
(43,'IceScrum','Aggiornamento contatore posto accanto all\'icona nel menù','2021-05-19','c998cfef06ededb6d756917ab99cd678','2',0,2,22822,'',''),
(44,'IceScrum','Filtro degli appuntamenti NON assegnati','2021-05-19','c998cfef06ededb6d756917ab99cd678','2',0,1,25678,'[#frontend, #BackEnd]','FE + BE'),
(45,'IceScrum','Colori pagina calendar','2021-05-19','c998cfef06ededb6d756917ab99cd678','2',0,1,22822,'',''),
(47,'IceScrum','Reportistica','2021-05-24','c998cfef06ededb6d756917ab99cd678','2',4,5,27466,'[#frontend, #BackEnd]','FE + BE'),
(48,'IceScrum','Integrazione Hexnode','2021-05-25','c998cfef06ededb6d756917ab99cd678','2',5,5,25678,'[#BackEnd]','BE'),
(49,'IceScrum','Traduzione delle eccezioni','2021-05-26','c998cfef06ededb6d756917ab99cd678','2',0,2,22823,'',''),
(50,'IceScrum','Configurazione dati della country ES','2021-05-26','c998cfef06ededb6d756917ab99cd678','2',0,1,24820,'',''),
(51,'IceScrum','New Country Environment','2021-05-26','c998cfef06ededb6d756917ab99cd678','2',4,2,24820,'',''),
(52,'IceScrum','Projection optimization','2021-05-27','c998cfef06ededb6d756917ab99cd678','2',2,3,NULL,'[#BackEnd]','BE'),
(53,'IceScrum','Lead Salesforce parte 2','2021-05-27','c998cfef06ededb6d756917ab99cd678','2',0,3,NULL,'[#BackEnd]','BE'),
(54,'IceScrum','Integrazione OTRS','2021-06-01','c998cfef06ededb6d756917ab99cd678','2',1,5,NULL,'[#BackEnd, #frontend]','FE + BE'),
(56,'IceScrum','Monobrand','2021-06-01','c998cfef06ededb6d756917ab99cd678','2',0,1,24820,'',''),
(57,'IceScrum','Inserimento lingua spagnola','2021-06-01','c998cfef06ededb6d756917ab99cd678','2',0,0,NULL,'',''),
(58,'IceScrum','Ottimizzazione gitLab','2021-06-01','c998cfef06ededb6d756917ab99cd678','2',1,1,27466,'[#BackEnd]','BE'),
(60,'IceScrum','Integrazione Sentry o Crashlitics','2021-06-03','c998cfef06ededb6d756917ab99cd678','2',1,8,NULL,'[#BackEnd, #frontend]','FE + BE'),
(61,'IceScrum','Ottimizzazione dei rilasci','2021-06-04','c998cfef06ededb6d756917ab99cd678','2',5,3,24820,'',''),
(62,'IceScrum','Inserire versione del codice FE nell\'interfaccia di login','2021-06-08','c998cfef06ededb6d756917ab99cd678','2',1,1,24820,'',''),
(63,'IceScrum','Alias per supporto avis extra-ita','2021-06-08','c998cfef06ededb6d756917ab99cd678','2',0,0,24820,'',''),
(64,'IceScrum','Call shared between SR','2021-06-09','c998cfef06ededb6d756917ab99cd678','2',4,3,25678,'[#frontend, #BackEnd]','FE + BE'),
(65,'IceScrum','QR code','2021-06-09','c998cfef06ededb6d756917ab99cd678','5',4,13,25684,'[#frontend, #BackEnd, #ux]','FE + BE'),
(67,'IceScrum','Visualizzazione contatori on top in funzione delle company abilitate sul mercato','2021-06-09','c998cfef06ededb6d756917ab99cd678','2',1,1,26053,'[#frontend]','FE'),
(69,'IceScrum','Creazione ambiente di PROD','2021-06-09','c998cfef06ededb6d756917ab99cd678','2',5,2,24820,'',''),
(70,'IceScrum','Branch per PROD','2021-06-09','c998cfef06ededb6d756917ab99cd678','2',1,2,NULL,'',''),
(72,'IceScrum','Ripristino template e-mail per appuntamenti creati dall\'operatore','2021-06-11','c998cfef06ededb6d756917ab99cd678','2',2,0,NULL,'[#BackEnd]','BE'),
(74,'IceScrum','New Country Environment DE','2021-06-14','c998cfef06ededb6d756917ab99cd678','2',4,2,25678,'',''),
(75,'IceScrum','New Country Environment UK','2021-06-14','c998cfef06ededb6d756917ab99cd678','2',4,2,25678,'',''),
(76,'IceScrum','FIxare aggiunta appuntamenti manuali da preprint','2021-06-14','c998cfef06ededb6d756917ab99cd678','2',1,1,25684,'',''),
(77,'IceScrum','Inserimento appuntamenti pre-print nella sezione \"Lista preprint\"','2021-06-14','c998cfef06ededb6d756917ab99cd678','2',1,2,25678,'',''),
(78,'IceScrum','Riformulazione dizionario','2021-06-15','c998cfef06ededb6d756917ab99cd678','2',2,2,NULL,'[#BackEnd]','BE'),
(79,'IceScrum','PT confirmation email','2021-06-15','c998cfef06ededb6d756917ab99cd678','2',0,0,25678,'',''),
(80,'IceScrum','Multi FE 1 BE','2021-06-15','c998cfef06ededb6d756917ab99cd678','2',1,0,NULL,'',''),
(81,'IceScrum','Implementazione cache lato server e Servzio per operazioni schedulate','2021-06-16','c998cfef06ededb6d756917ab99cd678','2',5,13,25684,'',''),
(82,'IceScrum','Modale sulla firma digitale','2021-06-17','c998cfef06ededb6d756917ab99cd678','2',0,0,NULL,'',''),
(83,'IceScrum','Creazione PROD Environment DE','2021-06-21','c998cfef06ededb6d756917ab99cd678','2',4,1,25684,'',''),
(84,'IceScrum','Creazione PROD Environment UK','2021-06-21','c998cfef06ededb6d756917ab99cd678','2',4,1,25684,'',''),
(86,'IceScrum','Creazione ambiente di Pre PROD su AWS','2021-06-23','c998cfef06ededb6d756917ab99cd678','2',0,0,NULL,'',''),
(87,'IceScrum','Miglioria gestione delle congestioni','2021-06-23','c998cfef06ededb6d756917ab99cd678','2',3,2,25684,'',''),
(88,'IceScrum','Sviluppo Unit Test','2021-06-25','c998cfef06ededb6d756917ab99cd678','2',0,0,NULL,'',''),
(90,'IceScrum','Aggiunta appuntamenti da chiamare alla schermata clienti in attesa','2021-06-25','c998cfef06ededb6d756917ab99cd678','2',0,0,NULL,'',''),
(91,'IceScrum','Libera agenda','2021-06-25','c998cfef06ededb6d756917ab99cd678','2',5,1,25684,'',''),
(92,'IceScrum','Inserimento last user access nel dettaglio tablet','2021-06-25','c998cfef06ededb6d756917ab99cd678','2',0,0,NULL,'',''),
(93,'IceScrum','Aggiunta filtro PUP nella pagina \"Clienti in attesa\"','2021-06-30','c998cfef06ededb6d756917ab99cd678','2',0,2,26053,'',''),
(94,'IceScrum','Integrazione con Hexnode: utente di ultima accensione','2021-07-07','c998cfef06ededb6d756917ab99cd678','2',1,2,NULL,'[#BackEnd]','BE'),
(95,'IceScrum','IBERIA: All option in tutte le Select che coinvolgono le SR','2021-07-07','c998cfef06ededb6d756917ab99cd678','2',0,2,26053,'[#frontend]','FE'),
(96,'IceScrum','Cambio nome delle pagine SCO con nomi inglesi','2021-07-12','c998cfef06ededb6d756917ab99cd678','2',2,1,26053,'',''),
(97,'IceScrum','QR Code part 2','2021-07-12','c998cfef06ededb6d756917ab99cd678','5',5,5,26053,'',''),
(98,'IceScrum','Rimozione Hyphens numero di telefono','2021-07-13','c998cfef06ededb6d756917ab99cd678','2',2,3,26053,'',''),
(99,'IceScrum','Returning popup','2021-07-13','c998cfef06ededb6d756917ab99cd678','2',5,5,26810,'[germany, italy, #BackEnd, #frontend]','FE + BE'),
(100,'IceScrum','Dashboard manager in cache','2021-07-14','c998cfef06ededb6d756917ab99cd678','2',2,2,27466,'[#BackEnd]','BE'),
(101,'IceScrum','Preprint data in Dashboard manager','2021-07-14','c998cfef06ededb6d756917ab99cd678','2',2,1,26810,'[germany, #BackEnd, #frontend]','FE + BE'),
(103,'IceScrum','Possibliità di nascondere un utente','2021-07-16','c998cfef06ededb6d756917ab99cd678','2',1,2,27466,'[#frontend, #BackEnd]','FE + BE'),
(104,'IceScrum','SCO: compatibilità device telefono','2021-07-19','c998cfef06ededb6d756917ab99cd678','6',0,0,NULL,'',''),
(105,'IceScrum','Rifacimento schermata cornetta','2021-07-19','c998cfef06ededb6d756917ab99cd678','6',5,3,27466,'',''),
(106,'IceScrum','Rifacimento schermata macchinina','2021-07-19','c998cfef06ededb6d756917ab99cd678','6',5,3,27466,'',''),
(107,'IceScrum','Rifacimento Dashboard Manager','2021-07-19','c998cfef06ededb6d756917ab99cd678','6',4,3,27466,'',''),
(108,'IceScrum','Rifacimento Clienti in attesa','2021-07-19','c998cfef06ededb6d756917ab99cd678','6',3,3,27466,'',''),
(109,'IceScrum','Rifacimento schermata Preprint','2021-07-19','c998cfef06ededb6d756917ab99cd678','6',3,3,27466,'',''),
(110,'IceScrum','Rifacimento gestione tablet','2021-07-19','c998cfef06ededb6d756917ab99cd678','6',3,3,27466,'',''),
(111,'IceScrum','Sessione su SCO termina una volta che si atterra sul link esterno della firma digitale','2021-07-22','c998cfef06ededb6d756917ab99cd678','2',4,1,27466,'',''),
(112,'IceScrum','Report performance agent','2021-07-22','c998cfef06ededb6d756917ab99cd678','2',1,2,27466,'[#frontend, #BackEnd]','FE + BE'),
(113,'IceScrum','Export channel','2021-07-23','c998cfef06ededb6d756917ab99cd678','2',2,1,26810,'[#BackEnd]','BE'),
(114,'IceScrum','Bloccare il click compulsivo','2021-07-27','c998cfef06ededb6d756917ab99cd678','6',3,1,27466,'',''),
(116,'IceScrum','Configurazione Totem da interfaccia gestione tablet','2021-07-29','c998cfef06ededb6d756917ab99cd678','2',2,5,29628,'[#frontend, #BackEnd]','FE + BE'),
(117,'IceScrum','Hamburgerino apribile che espande le icone con il loro nome e un info point','2021-07-29','c998cfef06ededb6d756917ab99cd678','6',2,1,27466,'',''),
(118,'IceScrum','Rifacimento altre schermate','2021-07-29','c998cfef06ededb6d756917ab99cd678','6',2,13,27466,'',''),
(119,'IceScrum','MAX request limit to ELB','2021-07-29','c998cfef06ededb6d756917ab99cd678','2',0,0,NULL,'',''),
(120,'IceScrum','Code company = Reservation number?','2021-08-03','c998cfef06ededb6d756917ab99cd678','2',1,0,NULL,'[#BackEnd]','BE'),
(121,'IceScrum','Rifattorizzare l\'edit utente','2021-08-04','c998cfef06ededb6d756917ab99cd678','2',3,2,27466,'[#frontend, #BackEnd]','FE + BE'),
(122,'IceScrum','Inserimento info sui documenti','2021-08-05','c998cfef06ededb6d756917ab99cd678','5',3,2,NULL,'[italy]',''),
(123,'IceScrum','Accesso rapido al dettaglio degli appuntamenti all\'interno del calendario','2021-08-05','c998cfef06ededb6d756917ab99cd678','2',4,3,NULL,'[#frontend, #BackEnd]','FE + BE'),
(124,'IceScrum','Inserire appuntamenti schedulati in \"Clienti in attesa\"','2021-08-05','c998cfef06ededb6d756917ab99cd678','2',2,5,NULL,'[#frontend, #BackEnd]','FE + BE'),
(125,'IceScrum','Aggiunta operatore che ha annullato l\'apputamento nell export annullati','2021-08-06','c998cfef06ededb6d756917ab99cd678','2',3,1,27466,'[#BackEnd]','BE'),
(126,'IceScrum','PUP insertion by customer','2021-08-09','c998cfef06ededb6d756917ab99cd678','5',3,1,27466,'[iberia, #frontend]','FE'),
(127,'IceScrum','Ridimensionamento tabelle','2021-08-09','c998cfef06ededb6d756917ab99cd678','2',3,2,NULL,'[#BackEnd]','BE'),
(128,'IceScrum','Aggiunta provenienza nell\'export annullati','2021-08-10','c998cfef06ededb6d756917ab99cd678','2',3,1,27466,'[#BackEnd]','BE'),
(129,'IceScrum','Inserimento campi documenti da interfaccia matita','2021-08-10','c998cfef06ededb6d756917ab99cd678','2',2,1,NULL,'[#BackEnd, #frontend]','FE + BE'),
(130,'IceScrum','Implementazione stato \"Alert\"','2021-08-10','c998cfef06ededb6d756917ab99cd678','2',4,3,NULL,'[#frontend, #BackEnd]','FE + BE'),
(131,'IceScrum','Aggiunta infopoint sulle icone utilizzate dal QR code','2021-08-23','c998cfef06ededb6d756917ab99cd678','5',3,2,27466,'[#frontend]','FE'),
(132,'IceScrum','Se code brand è errato, mostrare subito un messaggio di errore','2021-08-23','c998cfef06ededb6d756917ab99cd678','5',2,1,27466,'',''),
(133,'IceScrum','Miglioria inserimento Reservation number','2021-08-23','c998cfef06ededb6d756917ab99cd678','5',3,1,27466,'[#BackEnd]','BE'),
(134,'IceScrum','URL Integration: Iberia Open Hours','2021-08-23','c998cfef06ededb6d756917ab99cd678','2',3,3,27466,'[#BackEnd]','BE'),
(135,'IceScrum','Icona noted appointment in clienti in attesa','2021-09-06','c998cfef06ededb6d756917ab99cd678','2',2,1,NULL,'[#frontend]','FE'),
(136,'IceScrum','URL Integration: migliorie','2021-09-07','c998cfef06ededb6d756917ab99cd678','2',2,2,27466,'',''),
(137,'IceScrum','implementare lo storico delle assegnazioni degli appuntamenti','2021-09-13','c998cfef06ededb6d756917ab99cd678','2',0,0,NULL,'',''),
(138,'IceScrum','Form inserimento indirizzo da Area management','2021-09-14','c998cfef06ededb6d756917ab99cd678','6',2,2,27762,'[#ui, #ux, #frontend]','FE'),
(139,'IceScrum','Impedire l\'accesso a utenti anonimi di accedere alle pagine','2021-09-14','c998cfef06ededb6d756917ab99cd678','2',2,2,NULL,'[#frontend]','FE'),
(140,'IceScrum','Interfaccia scelta report','2021-09-15','c998cfef06ededb6d756917ab99cd678','6',0,2,27466,'[#BackEnd, #frontend, #ui, #ux]','FE + BE'),
(141,'IceScrum','Sistema centrale di inserimento preprint','2021-09-21','c998cfef06ededb6d756917ab99cd678','2',0,0,NULL,'[#ui, #ux, #frontend, #BackEnd]','FE + BE'),
(142,'IceScrum','Ruoli all\'interno della configurazione report','2021-09-23','c998cfef06ededb6d756917ab99cd678','2',1,1,NULL,'[#frontend]','FE'),
(143,'IceScrum','DR Reports','2021-09-23','c998cfef06ededb6d756917ab99cd678','2',0,5,27762,'',''),
(144,'IceScrum','Modificare gli open hours di DE','2021-09-23','c998cfef06ededb6d756917ab99cd678','2',0,0,NULL,'',''),
(145,'IceScrum','Code company=reservation number','2021-10-05','c998cfef06ededb6d756917ab99cd678','2',0,0,NULL,'','');

/*Table structure for table `users` */

DROP TABLE IF EXISTS `users`;

CREATE TABLE `users` (
  `uid` varchar(50) DEFAULT NULL,
  `id` int(11) NOT NULL,
  `firstname` varchar(50) DEFAULT NULL,
  `lastname` varchar(50) DEFAULT NULL,
  `username` varchar(50) DEFAULT NULL,
  `availability` int(11) DEFAULT NULL,
  `cost` double(5,2) DEFAULT NULL,
  `groups` varchar(50) DEFAULT NULL,
  PRIMARY KEY (`id`)
) ENGINE=InnoDB DEFAULT CHARSET=utf8mb4;

/*Data for the table `users` */

insert  into `users`(`uid`,`id`,`firstname`,`lastname`,`username`,`availability`,`cost`,`groups`) values 
('bb5dd250803d1b9981b903ce134d69b7',4,'Admin','Admin','p.picella',NULL,NULL,NULL),
('a6ca6e31be8f3cbd9e41e2e10544a370',15583,'Gianluca','Dell Anno','Gianluca',100,170.00,NULL),
('15d202d5d36daea2f40c5c7b2ac3f24d',15597,'Martina','Mosca','MartinaMosca',50,162.00,NULL),
('25d96aaf00f13f8a2308852201f3faaf',19640,'Fabio','Ranieri','f.ranieri',NULL,NULL,NULL),
('bec7451b2d31617085eeb9a44c612565',22982,'Yannick','Abah','abahyann',100,268.00,NULL),
('b2494eec2bafe75a4c58af2c1887f6a0',23243,'Denis','Lo Presti','d.lopresti',100,229.00,NULL),
('c998cfef06ededb6d756917ab99cd678',23613,'Roberto','Azzola','Roberto Azzola',100,330.00,NULL),
('9d95fae1d5663cc00a916c83b21e2e33',26319,'S','Porcedda','stefpo',50,220.00,NULL);

/*!40101 SET SQL_MODE=@OLD_SQL_MODE */;
/*!40014 SET FOREIGN_KEY_CHECKS=@OLD_FOREIGN_KEY_CHECKS */;
/*!40014 SET UNIQUE_CHECKS=@OLD_UNIQUE_CHECKS */;
/*!40111 SET SQL_NOTES=@OLD_SQL_NOTES */;
